first_name,last_name,datetime,email,gender,street_address
Alicea,Fearnehough,11/11/2020,afearnehough0@sourceforge.net,Genderqueer,920 Green Circle
Gabriel,Moseby,7/5/2020,gmoseby1@google.com.br,Genderqueer,497 5th Street
Roarke,Stede,6/20/2020,rstede2@plala.or.jp,Male,0660 Lukken Avenue
Becka,Skull,10/20/2020,bskull3@devhub.com,Bigender,0112 Stuart Center
Randene,Lyptratt,7/18/2020,rlyptratt4@ed.gov,Female,834 Mesta Center
Almire,Zannotelli,1/7/2021,azannotelli5@reference.com,Genderqueer,367 Judy Park
Anatole,Raittie,1/2/2021,araittie6@weibo.com,Polygender,9805 Manitowish Parkway
Hinze,Gardner,9/29/2020,hgardner7@salon.com,Non-binary,88 Anhalt Place
Shayne,Rivenzon,12/13/2020,srivenzon8@japanpost.jp,Bigender,9 Dottie Parkway
Aluino,Runcieman,4/27/2020,aruncieman9@xinhuanet.com,Polygender,82591 Elka Street
Ryann,Sign,12/27/2020,rsigna@accuweather.com,Bigender,1 Clove Terrace
Ardelis,Champe,3/15/2020,achampeb@state.tx.us,Male,57 Mallard Center
Virge,Tight,10/9/2020,vtightc@wisc.edu,Genderqueer,75 Twin Pines Hill
Pollyanna,Bossel,1/1/2021,pbosseld@nps.gov,Agender,6 Quincy Plaza
Robert,Slee,5/14/2020,rsleee@go.com,Genderqueer,8 Sugar Hill
Brooke,Tapscott,5/16/2020,btapscottf@ft.com,Agender,90482 Banding Drive
Angelina,Yvon,3/16/2020,ayvong@is.gd,Polygender,3 Sunbrook Crossing
Gregorio,Cardno,9/8/2020,gcardnoh@springer.com,Agender,429 Forest Dale Court
Haskell,Oakey,9/23/2020,hoakeyi@narod.ru,Non-binary,6 Dunning Point
Ealasaid,Hagergham,4/24/2020,ehagerghamj@irs.gov,Male,8 Hauk Pass
Kyrstin,Wycliff,9/22/2020,kwycliffk@huffingtonpost.com,Female,2508 Thierer Point
Denna,Lebell,6/8/2020,dlebelll@squidoo.com,Genderfluid,360 Farmco Parkway
Amery,Adelsberg,6/12/2020,aadelsbergm@oaic.gov.au,Bigender,99947 Lighthouse Bay Court
Gina,Beric,8/7/2020,gbericn@cnn.com,Bigender,31644 Florence Center
Leesa,Schooling,2/8/2020,lschoolingo@icq.com,Polygender,56 Londonderry Park
Tansy,Mapstone,2/6/2020,tmapstonep@illinois.edu,Genderqueer,11 Lotheville Parkway
Locke,Tenwick,12/30/2020,ltenwickq@berkeley.edu,Female,88 Veith Terrace
Adan,Carty,1/7/2021,acartyr@godaddy.com,Female,619 Sunfield Junction
Stanleigh,Espinha,11/28/2020,sespinhas@mail.ru,Non-binary,129 Gulseth Plaza
Crystie,Paoletti,8/14/2020,cpaolettit@slashdot.org,Polygender,84 Armistice Junction
Shermie,Cantor,7/14/2020,scantoru@geocities.jp,Bigender,658 Pawling Alley
Bob,Lafaye,4/26/2020,blafayev@java.com,Agender,2363 Vernon Crossing
Poul,Matessian,2/21/2020,pmatessianw@issuu.com,Bigender,95 Killdeer Avenue
Carlye,Alsina,9/9/2020,calsinax@baidu.com,Bigender,8 Merrick Street
Cherilyn,Gabriely,12/6/2020,cgabrielyy@google.it,Agender,6 Toban Plaza
Edan,Gilhoolie,1/2/2021,egilhooliez@devhub.com,Polygender,6 Huxley Point
Valerie,Wallsworth,3/17/2020,vwallsworth10@histats.com,Polygender,75365 Merrick Drive
Rickey,Rowett,2/18/2020,rrowett11@admin.ch,Non-binary,04476 Waxwing Parkway
Cindelyn,Jacobowitz,9/2/2020,cjacobowitz12@telegraph.co.uk,Genderfluid,818 Mallory Alley
Karlene,Swepson,5/15/2020,kswepson13@blogtalkradio.com,Genderqueer,47302 Thackeray Avenue
Suzette,Dyson,10/26/2020,sdyson14@admin.ch,Polygender,053 American Lane
Alfonse,Shepton,2/23/2020,ashepton15@fc2.com,Male,163 Ludington Point
Bordie,Katzmann,12/6/2020,bkatzmann16@tuttocitta.it,Male,66 North Park
Milissent,Rodrig,9/30/2020,mrodrig17@thetimes.co.uk,Agender,654 Talisman Park
Stepha,Ball,8/5/2020,sball18@tamu.edu,Genderfluid,88 Sutteridge Lane
Andonis,Manger,4/9/2020,amanger19@prlog.org,Non-binary,09 Longview Crossing
Klemens,Neilly,4/24/2020,kneilly1a@sakura.ne.jp,Genderqueer,58 Talisman Crossing
Brook,Kirkness,7/7/2020,bkirkness1b@who.int,Genderqueer,22 Prentice Pass
Moe,Harbord,6/11/2020,mharbord1c@squarespace.com,Polygender,75069 Onsgard Plaza
Phil,Sewards,12/27/2020,psewards1d@yahoo.com,Non-binary,4229 Cherokee Street
Nicol,MacDowal,10/16/2020,nmacdowal1e@apple.com,Genderfluid,00785 Steensland Point
Winifield,Iacomini,1/17/2021,wiacomini1f@twitpic.com,Agender,322 School Junction
Delilah,Wiggett,7/8/2020,dwiggett1g@dailymail.co.uk,Genderfluid,0 Village Green Plaza
Porter,Fausset,1/30/2020,pfausset1h@i2i.jp,Genderqueer,11 Kinsman Street
Shina,Bentote,1/20/2021,sbentote1i@uiuc.edu,Male,734 Homewood Avenue
Aubrey,Growcock,7/15/2020,agrowcock1j@nbcnews.com,Non-binary,2501 Hayes Pass
Rosella,Scarrott,4/20/2020,rscarrott1k@indiatimes.com,Male,5032 Independence Street
Tye,Sandiland,7/14/2020,tsandiland1l@oakley.com,Genderfluid,51902 Golf Course Parkway
Clerc,Benjefield,6/17/2020,cbenjefield1m@nhs.uk,Non-binary,17616 Fuller Avenue
Kristyn,Limb,7/13/2020,klimb1n@dot.gov,Genderqueer,5 Merrick Park
Josselyn,Roscow,11/29/2020,jroscow1o@springer.com,Agender,8 Carey Lane
Guglielma,Hugues,2/16/2020,ghugues1p@disqus.com,Genderqueer,80240 Stoughton Park
Evangelia,Olney,11/11/2020,eolney1q@statcounter.com,Genderqueer,26 Melrose Avenue
Catherine,Dingate,4/14/2020,cdingate1r@icio.us,Polygender,0 Twin Pines Road
Kaleena,Carp,5/13/2020,kcarp1s@mlb.com,Male,011 Corry Street
Calley,Bachelar,5/20/2020,cbachelar1t@dot.gov,Agender,5 Cherokee Pass
Ingrim,Purdy,7/24/2020,ipurdy1u@nydailynews.com,Non-binary,7 Everett Crossing
Hyacinthie,Philimore,11/29/2020,hphilimore1v@whitehouse.gov,Polygender,48828 Melvin Center
Elset,Cubin,6/5/2020,ecubin1w@webmd.com,Polygender,54938 Larry Center
Jed,Sheer,4/9/2020,jsheer1x@mapquest.com,Polygender,234 Susan Parkway
Latisha,Hurdis,5/7/2020,lhurdis1y@webeden.co.uk,Genderfluid,48 Claremont Way
Thorin,Davidovics,10/15/2020,tdavidovics1z@themeforest.net,Agender,3847 Westerfield Place
Cameron,Towlson,3/22/2020,ctowlson20@weather.com,Genderqueer,95 East Crossing
Antin,Ible,4/30/2020,aible21@opera.com,Non-binary,5 Luster Way
Claudell,Blesdill,8/28/2020,cblesdill22@home.pl,Agender,90 Kropf Alley
Tully,Whardley,5/24/2020,twhardley23@hibu.com,Agender,67 Fairview Terrace
Marinna,Langhorn,10/29/2020,mlanghorn24@homestead.com,Polygender,0530 Melody Street
Sammie,Dumbleton,6/3/2020,sdumbleton25@google.de,Polygender,4703 Mesta Hill
Toni,Edel,3/26/2020,tedel26@desdev.cn,Male,1741 American Plaza
Katti,Whetland,7/16/2020,kwhetland27@intel.com,Bigender,8 Oakridge Alley
Crissy,Felipe,5/26/2020,cfelipe28@narod.ru,Genderfluid,6 Hayes Center
Gerry,Siggs,1/6/2021,gsiggs29@g.co,Polygender,331 Maywood Center
Hallie,Barles,12/31/2020,hbarles2a@shinystat.com,Male,40 Shasta Alley
Hallsy,McConway,1/19/2021,hmcconway2b@photobucket.com,Bigender,51 Shopko Point
Saunder,Clardge,10/30/2020,sclardge2c@dot.gov,Polygender,88 Jana Court
Marvin,Simondson,9/1/2020,msimondson2d@upenn.edu,Female,34 Melody Street
Shela,Dunsmuir,1/6/2021,sdunsmuir2e@mashable.com,Agender,784 Alpine Place
Sapphire,Filchagin,5/8/2020,sfilchagin2f@pen.io,Bigender,957 Kings Park
Lefty,Doe,8/25/2020,ldoe2g@weibo.com,Non-binary,59655 Ryan Hill
Onida,Portugal,9/11/2020,oportugal2h@bloglines.com,Female,50236 Mcguire Point
Emilie,Mitkin,5/31/2020,emitkin2i@ehow.com,Bigender,3261 Village Green Center
Theressa,Barnbrook,12/22/2020,tbarnbrook2j@edublogs.org,Female,1 Sauthoff Trail
Klaus,Byrth,2/20/2020,kbyrth2k@smh.com.au,Bigender,4 Mcbride Lane
Leeann,O'Kennedy,12/27/2020,lokennedy2l@hubpages.com,Polygender,9 Magdeline Parkway
Clareta,Furtado,2/28/2020,cfurtado2m@dedecms.com,Genderfluid,0955 Lillian Lane
Deena,Kleisle,6/10/2020,dkleisle2n@paginegialle.it,Polygender,6 Rusk Avenue
Nana,Newitt,5/5/2020,nnewitt2o@webmd.com,Polygender,68 Randy Pass
Carolynn,Anning,6/5/2020,canning2p@wp.com,Bigender,4554 Vernon Park
Trixy,Cresser,12/20/2020,tcresser2q@barnesandnoble.com,Non-binary,7299 Muir Junction
Fanya,Kobierzycki,4/20/2020,fkobierzycki2r@sun.com,Male,53 Ludington Court
Rosamund,Dekeyser,9/16/2020,rdekeyser2s@dot.gov,Female,861 Prairieview Street
Xylina,Tansley,12/8/2020,xtansley2t@oaic.gov.au,Female,4140 Acker Street
Nobe,Capener,10/7/2020,ncapener2u@upenn.edu,Non-binary,216 Loftsgordon Plaza
Baron,Bamling,7/14/2020,bbamling2v@youtu.be,Polygender,85 Novick Parkway
Cammy,Agglione,9/15/2020,cagglione2w@reference.com,Agender,11906 Sundown Hill
Anita,Albery,8/5/2020,aalbery2x@reddit.com,Female,9712 Warner Road
Mary,McKeevers,6/23/2020,mmckeevers2y@nps.gov,Agender,9435 Lunder Circle
Rudd,Greger,9/26/2020,rgreger2z@ihg.com,Genderfluid,983 Annamark Alley
Olin,Rosenbloom,11/19/2020,orosenbloom30@japanpost.jp,Genderqueer,417 Park Meadow Road
Thornton,Bromell,12/25/2020,tbromell31@squidoo.com,Polygender,489 Rieder Pass
Booth,Matieu,3/22/2020,bmatieu32@wisc.edu,Polygender,5119 Riverside Terrace
Bond,Dary,4/15/2020,bdary33@oracle.com,Non-binary,86 Fulton Place
Mehetabel,Benditt,3/5/2020,mbenditt34@altervista.org,Non-binary,60 Fair Oaks Circle
Billie,Weall,5/17/2020,bweall35@about.com,Bigender,718 Ilene Trail
Madelin,Perham,7/11/2020,mperham36@discuz.net,Female,8334 Tomscot Alley
Michael,Granleese,8/31/2020,mgranleese37@wufoo.com,Female,4 Clarendon Road
Callean,Partlett,11/11/2020,cpartlett38@imdb.com,Bigender,133 Fuller Hill
Barri,Sanham,7/7/2020,bsanham39@blogtalkradio.com,Male,9 Hauk Hill
Yorgo,McSkin,9/14/2020,ymcskin3a@i2i.jp,Genderqueer,5 Boyd Drive
Ammamaria,Scogings,11/3/2020,ascogings3b@cafepress.com,Male,2 Welch Lane
Jo-ann,Earie,6/8/2020,jearie3c@lulu.com,Polygender,4 Dottie Terrace
Elwood,Bruce,6/1/2020,ebruce3d@jimdo.com,Genderfluid,792 Farwell Point
Ronni,Hedley,7/22/2020,rhedley3e@globo.com,Bigender,8558 Bultman Street
James,Bolter,4/11/2020,jbolter3f@soundcloud.com,Genderqueer,35883 Del Mar Hill
Chicky,Moorerud,5/7/2020,cmoorerud3g@seesaa.net,Polygender,61 Schiller Pass
Margot,Dymoke,8/27/2020,mdymoke3h@gmpg.org,Female,59896 Prairie Rose Crossing
Winny,D' Angelo,10/22/2020,wdangelo3i@rakuten.co.jp,Genderfluid,89 Arizona Road
Nesta,Keepe,1/14/2021,nkeepe3j@hugedomains.com,Genderqueer,13101 Scoville Plaza
Luigi,Hairon,10/5/2020,lhairon3k@hostgator.com,Genderqueer,0 Burning Wood Plaza
Evangelin,Hughes,1/7/2021,ehughes3l@flickr.com,Genderfluid,0053 Troy Drive
Newton,Brosini,10/14/2020,nbrosini3m@webnode.com,Polygender,17533 Lakewood Gardens Terrace
Mikol,Sterrick,7/6/2020,msterrick3n@sfgate.com,Non-binary,8584 Londonderry Junction
Rasla,Imesson,3/5/2020,rimesson3o@cbslocal.com,Polygender,812 Buell Hill
Franciskus,Probyn,3/17/2020,fprobyn3p@pbs.org,Non-binary,31792 Nelson Place
Rog,Hardacre,8/17/2020,rhardacre3q@hao123.com,Genderqueer,84 Clemons Lane
Bruis,Squibbs,1/22/2021,bsquibbs3r@rakuten.co.jp,Bigender,14459 Ruskin Lane
Tani,Midghall,8/30/2020,tmidghall3s@photobucket.com,Genderqueer,1 Lotheville Drive
Konstantin,Blees,9/8/2020,kblees3t@reference.com,Genderfluid,89138 Swallow Drive
Mike,Staddon,4/26/2020,mstaddon3u@google.de,Genderqueer,790 7th Pass
Skippy,Garwill,3/28/2020,sgarwill3v@over-blog.com,Agender,5 Nevada Terrace
Frannie,Latter,12/19/2020,flatter3w@desdev.cn,Genderfluid,06 Katie Court
Ardelia,Frayn,6/20/2020,afrayn3x@microsoft.com,Agender,50780 Pankratz Plaza
Gerome,McGiven,8/29/2020,gmcgiven3y@dell.com,Genderqueer,72 Starling Plaza
Angeli,Vivers,2/3/2020,avivers3z@usda.gov,Female,1 Northland Court
Lee,Danes,9/4/2020,ldanes40@posterous.com,Bigender,022 Northport Junction
Art,Houten,7/29/2020,ahouten41@sfgate.com,Genderqueer,8795 Ridgeview Way
Obed,Northin,10/19/2020,onorthin42@stanford.edu,Genderfluid,83635 Tennessee Plaza
Barbi,Holcroft,10/31/2020,bholcroft43@webmd.com,Polygender,4496 School Street
Mercy,Mostin,9/5/2020,mmostin44@technorati.com,Genderfluid,04 Union Trail
April,Gange,3/23/2020,agange45@noaa.gov,Genderfluid,9446 Steensland Terrace
Roger,Crambie,10/17/2020,rcrambie46@miibeian.gov.cn,Polygender,680 Hauk Park
Massimo,Vigrass,5/2/2020,mvigrass47@stumbleupon.com,Agender,4202 Montana Junction
Orazio,Killcross,4/27/2020,okillcross48@godaddy.com,Polygender,44184 Bultman Crossing
Baldwin,Ganderton,9/2/2020,bganderton49@arstechnica.com,Genderfluid,3 Brown Road
Parrnell,Himsworth,11/30/2020,phimsworth4a@meetup.com,Non-binary,0294 Carioca Parkway
Janaya,Borgesio,4/1/2020,jborgesio4b@fastcompany.com,Agender,6 Fremont Point
Hort,Pappi,9/26/2020,hpappi4c@tiny.cc,Genderfluid,7 Laurel Plaza
Ashlan,McCalum,4/7/2020,amccalum4d@si.edu,Polygender,759 Mandrake Trail
Gretal,Willetts,1/14/2021,gwilletts4e@theatlantic.com,Genderqueer,68 Fordem Drive
Estelle,Caukill,5/21/2020,ecaukill4f@soup.io,Bigender,68 Thackeray Pass
Justine,Marioneau,5/15/2020,jmarioneau4g@time.com,Agender,595 Scoville Terrace
Karrah,Crombie,12/12/2020,kcrombie4h@so-net.ne.jp,Genderqueer,5 Judy Center
Chilton,Yeardley,11/20/2020,cyeardley4i@printfriendly.com,Genderqueer,67445 Barby Court
Caresa,Hassett,4/17/2020,chassett4j@rambler.ru,Genderqueer,81 Lindbergh Place
Maud,Stucke,8/8/2020,mstucke4k@skype.com,Female,80 Hooker Plaza
Ulises,Evershed,12/31/2020,uevershed4l@blogspot.com,Polygender,357 Dixon Crossing
Dore,Debrick,1/10/2021,ddebrick4m@friendfeed.com,Polygender,46176 Corben Trail
Fabiano,Hendrix,2/5/2020,fhendrix4n@cbslocal.com,Male,76 Towne Crossing
Hilario,Pantry,3/23/2020,hpantry4o@flavors.me,Non-binary,0 Tony Trail
Rochelle,Youhill,3/10/2020,ryouhill4p@amazonaws.com,Non-binary,454 Village Trail
Walsh,Sailes,12/5/2020,wsailes4q@huffingtonpost.com,Genderfluid,08135 Cardinal Pass
Ike,Chapiro,4/11/2020,ichapiro4r@instagram.com,Bigender,8 Mifflin Park
Judith,Donnachie,7/29/2020,jdonnachie4s@fc2.com,Polygender,78795 Morrow Drive
Windham,Shellsheere,10/20/2020,wshellsheere4t@uiuc.edu,Genderfluid,470 Steensland Point
Huberto,Swinley,5/4/2020,hswinley4u@wikipedia.org,Male,497 Claremont Drive
Pail,Jorden,10/30/2020,pjorden4v@ucoz.ru,Male,68102 Hoffman Junction
Gaylor,Dormand,3/31/2020,gdormand4w@nytimes.com,Genderqueer,56022 Buena Vista Parkway
Lionel,Gavozzi,9/23/2020,lgavozzi4x@typepad.com,Bigender,66729 Moulton Parkway
Dulce,Vallery,3/15/2020,dvallery4y@sakura.ne.jp,Male,20 Calypso Road
Prent,Benmore,2/28/2020,pbenmore4z@reference.com,Genderfluid,37 Dixon Court
Cyrill,Whorall,1/30/2020,cwhorall50@umn.edu,Polygender,52 Clemons Avenue
Adiana,Domelaw,10/22/2020,adomelaw51@tripod.com,Polygender,3 Susan Avenue
Benoite,Sirmon,9/16/2020,bsirmon52@rakuten.co.jp,Non-binary,16 Laurel Junction
Korella,Weinberg,9/22/2020,kweinberg53@csmonitor.com,Male,9526 Lunder Point
Alleyn,Timny,5/30/2020,atimny54@tuttocitta.it,Agender,08488 Petterle Street
Ward,Stair,10/31/2020,wstair55@imdb.com,Polygender,6596 Talmadge Parkway
Eirena,Symons,1/30/2020,esymons56@seesaa.net,Non-binary,41 Lakewood Court
Missie,Kobsch,12/31/2020,mkobsch57@disqus.com,Polygender,07 Rowland Lane
Neill,Vanner,11/2/2020,nvanner58@php.net,Polygender,7935 6th Point
Flori,Liverseege,6/26/2020,fliverseege59@vkontakte.ru,Female,4907 Carberry Pass
Darell,Castiglio,12/2/2020,dcastiglio5a@zdnet.com,Genderqueer,51795 Emmet Circle
Kirk,McCrudden,3/10/2020,kmccrudden5b@hexun.com,Male,36 Westport Place
Gram,Jeffryes,10/7/2020,gjeffryes5c@deliciousdays.com,Non-binary,2 Macpherson Lane
Torry,Seabright,8/16/2020,tseabright5d@columbia.edu,Genderqueer,7 Charing Cross Drive
Nadia,Hutley,12/15/2020,nhutley5e@4shared.com,Male,12300 Eagan Lane
Siouxie,Paling,9/2/2020,spaling5f@mapy.cz,Genderfluid,4 New Castle Parkway
Antonina,Dominici,8/12/2020,adominici5g@histats.com,Agender,07170 Miller Drive
Amabelle,McMichan,1/8/2021,amcmichan5h@alibaba.com,Genderfluid,942 Knutson Alley
Rainer,Viall,5/19/2020,rviall5i@google.com.br,Non-binary,6644 Marcy Crossing
Minetta,Baitey,11/7/2020,mbaitey5j@skyrock.com,Non-binary,423 Summer Ridge Parkway
Estella,Spataro,5/20/2020,espataro5k@google.fr,Genderqueer,302 Hermina Place
Ofelia,Lebarree,2/4/2020,olebarree5l@npr.org,Agender,92452 Fisk Center
Mattias,Rosenboim,12/10/2020,mrosenboim5m@weibo.com,Genderqueer,991 Anthes Street
Ruthann,Haine,7/31/2020,rhaine5n@arstechnica.com,Genderqueer,2 Armistice Court
Kalli,Stearne,4/8/2020,kstearne5o@examiner.com,Genderqueer,78147 Bellgrove Lane
Ira,Wedderburn,1/25/2021,iwedderburn5p@flavors.me,Female,95493 Chinook Place
Idalina,Maffione,3/5/2020,imaffione5q@privacy.gov.au,Bigender,30477 Fair Oaks Drive
Brent,Hickisson,2/16/2020,bhickisson5r@hao123.com,Female,87 Mcguire Avenue
Daphna,Churchin,12/31/2020,dchurchin5s@yolasite.com,Non-binary,939 John Wall Avenue
Constantino,Lamba,2/26/2020,clamba5t@canalblog.com,Female,66550 Summerview Place
Ade,Farthing,10/29/2020,afarthing5u@whitehouse.gov,Genderqueer,670 Transport Plaza
Paige,Elbourne,1/1/2021,pelbourne5v@surveymonkey.com,Bigender,20 Oak Park
Jacqueline,Trayhorn,2/6/2020,jtrayhorn5w@amazon.de,Genderfluid,11 Carpenter Circle
Lindsy,Barbe,10/26/2020,lbarbe5x@goo.gl,Female,19084 Susan Terrace
Carmita,Hobbert,6/13/2020,chobbert5y@cisco.com,Female,7 Forster Court
Freida,Burnsides,10/12/2020,fburnsides5z@google.com.hk,Male,616 Briar Crest Junction
Kyrstin,Giacopini,5/8/2020,kgiacopini60@quantcast.com,Genderqueer,669 Delaware Hill
Johannah,Fairholme,4/16/2020,jfairholme61@blogger.com,Genderqueer,07924 Towne Crossing
Paige,Harse,11/22/2020,pharse62@independent.co.uk,Non-binary,07014 Iowa Way
Meredithe,Hovie,6/9/2020,mhovie63@miibeian.gov.cn,Non-binary,4388 Homewood Street
Jacklin,Buckston,6/8/2020,jbuckston64@google.cn,Bigender,5 Northwestern Trail
Warden,Wand,10/10/2020,wwand65@dot.gov,Bigender,8 Shopko Circle
Mercie,Late,1/19/2021,mlate66@ebay.com,Genderqueer,928 Memorial Circle
Maury,Winder,4/8/2020,mwinder67@gravatar.com,Bigender,1142 Lakewood Gardens Center
Margaux,Paoletti,3/8/2020,mpaoletti68@sphinn.com,Genderqueer,0264 Thierer Junction
Abra,Salter,5/19/2020,asalter69@senate.gov,Genderqueer,9843 Marquette Point
Jeanie,Frizzell,9/8/2020,jfrizzell6a@google.cn,Agender,25 Westerfield Junction
Greta,Gullivan,3/19/2020,ggullivan6b@utexas.edu,Male,3939 Victoria Circle
Bernadette,Thackham,10/21/2020,bthackham6c@networkadvertising.org,Genderqueer,771 Beilfuss Place
Saudra,McCutheon,4/21/2020,smccutheon6d@w3.org,Male,7579 Heath Terrace
Welbie,Davidge,3/29/2020,wdavidge6e@kickstarter.com,Agender,0 High Crossing Terrace
Fianna,Boyington,1/18/2021,fboyington6f@scientificamerican.com,Female,32 Coleman Trail
Molly,Crowhurst,12/11/2020,mcrowhurst6g@hc360.com,Genderqueer,29 Nancy Circle
Meghan,Cregeen,8/19/2020,mcregeen6h@state.tx.us,Non-binary,293 Meadow Vale Drive
Royal,Kelf,5/19/2020,rkelf6i@blogtalkradio.com,Male,3615 Monica Center
Web,Hellicar,10/1/2020,whellicar6j@sina.com.cn,Non-binary,53 Service Park
Colin,Kelberman,5/9/2020,ckelberman6k@chicagotribune.com,Female,82 Manitowish Hill
Claybourne,Romney,9/4/2020,cromney6l@fotki.com,Agender,7 Veith Road
Rodi,Baddiley,2/9/2020,rbaddiley6m@loc.gov,Polygender,7 Veith Lane
Terza,Deam,6/5/2020,tdeam6n@about.me,Agender,37050 Warner Drive
Fanny,Danilishin,8/22/2020,fdanilishin6o@economist.com,Agender,48582 Gina Drive
Alia,Barraclough,8/24/2020,abarraclough6p@blogtalkradio.com,Genderqueer,8949 Mcbride Crossing
Mag,Comley,3/19/2020,mcomley6q@fc2.com,Genderqueer,870 Annamark Road
Terrence,Bandiera,3/12/2020,tbandiera6r@techcrunch.com,Polygender,466 6th Court
Heindrick,Shee,11/26/2020,hshee6s@issuu.com,Genderqueer,47 Waxwing Trail
Trace,Ericsson,1/11/2021,tericsson6t@foxnews.com,Female,880 Moulton Plaza
Xena,Sagerson,3/4/2020,xsagerson6u@buzzfeed.com,Female,26283 Birchwood Circle
Pamella,Parratt,6/19/2020,pparratt6v@tinypic.com,Genderqueer,696 Mariners Cove Park
Bartholomeo,Colquite,10/13/2020,bcolquite6w@shareasale.com,Female,66038 Everett Point
Benedicta,Gerler,12/8/2020,bgerler6x@shinystat.com,Bigender,15257 Loeprich Place
Gallard,Tadman,11/17/2020,gtadman6y@thetimes.co.uk,Male,3311 Delladonna Road
Marcella,Damerell,5/29/2020,mdamerell6z@house.gov,Female,9 Di Loreto Place
Margit,Matyushenko,12/29/2020,mmatyushenko70@php.net,Female,005 Pierstorff Way
Linda,Yannikov,3/3/2020,lyannikov71@fotki.com,Agender,57 Bunker Hill Crossing
Haze,Pearmain,8/14/2020,hpearmain72@ifeng.com,Polygender,3507 Eastwood Street
Garnette,Brounfield,8/18/2020,gbrounfield73@netvibes.com,Agender,2 Warner Center
Mariana,Petto,8/15/2020,mpetto74@cbsnews.com,Non-binary,36 Shelley Alley
Elladine,Lopes,3/29/2020,elopes75@patch.com,Polygender,35 Red Cloud Place
Dianne,Taffurelli,6/18/2020,dtaffurelli76@unicef.org,Polygender,383 Luster Point
Brod,Yvon,12/8/2020,byvon77@oracle.com,Non-binary,368 Lighthouse Bay Trail
Rachel,Budik,7/4/2020,rbudik78@si.edu,Genderqueer,475 Arrowood Place
Dorothee,Tollett,9/19/2020,dtollett79@behance.net,Genderfluid,1934 Goodland Avenue
Chere,Pikett,12/22/2020,cpikett7a@ed.gov,Polygender,1166 Menomonie Point
Bernie,Petera,2/17/2020,bpetera7b@oakley.com,Female,8706 Hoepker Place
Skipton,Jeacocke,4/1/2020,sjeacocke7c@ustream.tv,Polygender,93920 Artisan Point
Cacilia,Kittley,10/22/2020,ckittley7d@thetimes.co.uk,Non-binary,5 Porter Alley
Ulrich,Gossage,6/19/2020,ugossage7e@blinklist.com,Non-binary,47476 Graedel Hill
Patti,Shoubridge,2/1/2020,pshoubridge7f@techcrunch.com,Female,80102 Gerald Way
Tabbatha,McCaughey,4/10/2020,tmccaughey7g@freewebs.com,Non-binary,37 Kim Parkway
Morlee,Creser,1/23/2021,mcreser7h@geocities.jp,Bigender,10147 Ridgeview Crossing
Camellia,Vigietti,4/25/2020,cvigietti7i@google.es,Polygender,78 Wayridge Park
Currey,Thal,5/3/2020,cthal7j@barnesandnoble.com,Genderqueer,1 Meadow Valley Alley
Meris,MacCarrick,9/11/2020,mmaccarrick7k@joomla.org,Agender,349 Shelley Avenue
Cullen,Topham,7/27/2020,ctopham7l@google.es,Genderfluid,85438 Anderson Way
Jilli,Castelin,6/2/2020,jcastelin7m@tinypic.com,Polygender,7 Monica Park
Kara-lynn,Blunkett,6/12/2020,kblunkett7n@nytimes.com,Bigender,296 Gulseth Circle
Angelo,Bunton,6/10/2020,abunton7o@answers.com,Agender,83 New Castle Avenue
Romy,MacWilliam,4/9/2020,rmacwilliam7p@merriam-webster.com,Genderqueer,366 Paget Junction
Valeda,Hessel,11/29/2020,vhessel7q@usda.gov,Bigender,0 Norway Maple Avenue
Nolie,Gotcliff,8/12/2020,ngotcliff7r@microsoft.com,Male,448 Harper Junction
Ciel,Alben,9/15/2020,calben7s@sitemeter.com,Polygender,6 Hoepker Parkway
Gerrie,Warlock,11/13/2020,gwarlock7t@chronoengine.com,Non-binary,658 Prairieview Place
Leanora,Bedwell,2/12/2020,lbedwell7u@phpbb.com,Female,79014 Anthes Pass
Sylvester,Warrior,5/25/2020,swarrior7v@icio.us,Genderqueer,52 Cambridge Park
Tamar,Bernlin,7/15/2020,tbernlin7w@dyndns.org,Agender,2893 Coolidge Crossing
Caresa,Blaxland,1/4/2021,cblaxland7x@microsoft.com,Female,324 Hintze Street
Anton,Paroni,3/1/2020,aparoni7y@a8.net,Female,35 Stoughton Parkway
Malena,Danaher,1/4/2021,mdanaher7z@elegantthemes.com,Female,01 Fairfield Lane
Lion,Egentan,6/24/2020,legentan80@prnewswire.com,Male,64898 Debs Court
Thomas,Goodband,12/3/2020,tgoodband81@nytimes.com,Polygender,056 Meadow Ridge Plaza
Beatrisa,McAuley,4/23/2020,bmcauley82@indiatimes.com,Genderqueer,544 Sachtjen Crossing
Antonius,Trimby,2/24/2020,atrimby83@sohu.com,Male,4611 Raven Junction
Edvard,Paulson,12/29/2020,epaulson84@soup.io,Agender,0192 Caliangt Road
Taddeo,Halliwell,10/26/2020,thalliwell85@mediafire.com,Non-binary,774 Buhler Crossing
Berta,Vasiliev,2/8/2020,bvasiliev86@1688.com,Non-binary,674 Summer Ridge Place
Fredericka,Izzat,11/15/2020,fizzat87@51.la,Agender,1323 Hanover Circle
Simmonds,McBryde,1/10/2021,smcbryde88@who.int,Genderfluid,8 Aberg Crossing
Zacharia,Chalcroft,12/7/2020,zchalcroft89@shareasale.com,Genderqueer,74 Monica Drive
Jonathan,MacCallister,11/4/2020,jmaccallister8a@washingtonpost.com,Agender,659 Meadow Vale Park
Angel,Sheer,7/16/2020,asheer8b@uol.com.br,Male,004 Stoughton Street
Elnora,Starzaker,4/4/2020,estarzaker8c@ebay.co.uk,Male,3827 Elgar Lane
Barby,McCrostie,3/24/2020,bmccrostie8d@yahoo.co.jp,Polygender,683 Anderson Court
Nye,Hauxwell,6/4/2020,nhauxwell8e@statcounter.com,Female,999 Namekagon Crossing
Delia,Lead,10/29/2020,dlead8f@i2i.jp,Male,6657 Bluestem Place
Krystal,Dell 'Orto,2/29/2020,kdellorto8g@scientificamerican.com,Female,99 Northland Circle
Taite,Bezemer,1/23/2021,tbezemer8h@nydailynews.com,Male,85 4th Drive
Fabien,Dimic,1/19/2021,fdimic8i@ustream.tv,Male,45 Clarendon Point
Delcina,Beverley,1/21/2021,dbeverley8j@icio.us,Genderfluid,17 Service Parkway
Darlene,Fillery,7/4/2020,dfillery8k@xing.com,Genderqueer,296 Dorton Court
Jeddy,Dillingstone,5/20/2020,jdillingstone8l@about.me,Genderqueer,3 Division Hill
Kelly,Drage,5/7/2020,kdrage8m@geocities.jp,Male,389 Trailsway Point
Wash,Folbigg,12/25/2020,wfolbigg8n@biblegateway.com,Female,1088 Monterey Court
Stephannie,Jurkiewicz,3/1/2020,sjurkiewicz8o@sun.com,Male,6493 Troy Plaza
Paco,Pulver,8/12/2020,ppulver8p@ucla.edu,Agender,62781 Morrow Plaza
Thorndike,Dicke,12/24/2020,tdicke8q@dedecms.com,Bigender,21773 Mcbride Hill
Wyatt,Hapgood,8/15/2020,whapgood8r@wufoo.com,Non-binary,379 Carpenter Junction
Wald,Johanssen,4/19/2020,wjohanssen8s@cocolog-nifty.com,Genderqueer,844 Union Terrace
Inna,Hutable,4/30/2020,ihutable8t@w3.org,Genderqueer,3996 High Crossing Way
Selle,Hathaway,7/19/2020,shathaway8u@biglobe.ne.jp,Agender,95 Eliot Circle
Agata,Gauchier,10/5/2020,agauchier8v@reddit.com,Genderqueer,9659 Calypso Lane
Stefania,Garrett,11/30/2020,sgarrett8w@wordpress.org,Male,596 Pine View Circle
Avivah,Stappard,6/1/2020,astappard8x@yellowbook.com,Non-binary,343 Maple Wood Way
Bambi,Nightingale,2/27/2020,bnightingale8y@weibo.com,Genderfluid,5758 David Street
Deena,Rizzetti,9/16/2020,drizzetti8z@ycombinator.com,Agender,991 Londonderry Point
Oneida,Minnis,1/9/2021,ominnis90@bloglines.com,Male,7 Northfield Street
Patience,Arnao,10/28/2020,parnao91@imdb.com,Bigender,01 Daystar Park
Anett,Abramamovh,5/30/2020,aabramamovh92@goodreads.com,Genderfluid,15 American Plaza
Curt,Martignon,4/5/2020,cmartignon93@trellian.com,Genderfluid,2020 International Court
Anabelle,Rafferty,11/8/2020,arafferty94@sakura.ne.jp,Genderqueer,62393 Fieldstone Way
Giulia,Igglesden,7/30/2020,gigglesden95@spiegel.de,Bigender,04 Glacier Hill Center
Worthington,Gull,9/19/2020,wgull96@unicef.org,Polygender,949 Schmedeman Parkway
Vanna,Marzelli,2/27/2020,vmarzelli97@nydailynews.com,Polygender,6714 Brown Terrace
Sallie,Celez,3/20/2020,scelez98@flavors.me,Agender,60035 Shelley Trail
Rodger,Bolte,6/30/2020,rbolte99@bloomberg.com,Genderqueer,23226 Summit Alley
Cart,Willingam,11/24/2020,cwillingam9a@adobe.com,Female,4 Veith Alley
Cecil,Argontt,3/19/2020,cargontt9b@sitemeter.com,Bigender,401 Doe Crossing Plaza
Osgood,Bursnall,10/23/2020,obursnall9c@1688.com,Genderfluid,39 Troy Alley
Quent,Radmore,9/19/2020,qradmore9d@microsoft.com,Genderfluid,179 Randy Way
Grier,Meiner,9/16/2020,gmeiner9e@fc2.com,Non-binary,767 North Circle
Holmes,Sleigh,1/13/2021,hsleigh9f@cocolog-nifty.com,Polygender,75 Mayfield Circle
Cherry,Strettell,5/12/2020,cstrettell9g@hp.com,Agender,3785 Dorton Road
Koren,Hamon,4/16/2020,khamon9h@domainmarket.com,Female,1 Laurel Trail
Taddeo,Glasebrook,2/14/2020,tglasebrook9i@indiegogo.com,Polygender,50812 Logan Point
Carroll,Smiley,2/18/2020,csmiley9j@aboutads.info,Female,1537 North Center
Irving,McAline,9/1/2020,imcaline9k@hud.gov,Genderqueer,29133 Declaration Plaza
Aila,Jemmett,1/26/2021,ajemmett9l@weather.com,Non-binary,3844 Westport Street
Selestina,Cutchie,2/21/2020,scutchie9m@apple.com,Genderqueer,8484 Commercial Pass
Hatti,Polly,4/1/2020,hpolly9n@is.gd,Genderfluid,25 Erie Trail
Rasia,Cescot,1/30/2020,rcescot9o@state.gov,Genderfluid,5537 Ruskin Road
Loni,Brooke,3/25/2020,lbrooke9p@blogspot.com,Male,281 Schlimgen Center
Hamlin,Insoll,6/5/2020,hinsoll9q@discovery.com,Non-binary,5 Armistice Street
Latashia,Melwall,7/10/2020,lmelwall9r@rediff.com,Genderqueer,21 Muir Plaza
Marillin,McNysche,7/12/2020,mmcnysche9s@chicagotribune.com,Polygender,8064 Glacier Hill Drive
Jodie,Childes,8/9/2020,jchildes9t@privacy.gov.au,Polygender,8 Buell Park
Isac,Manicomb,6/25/2020,imanicomb9u@alexa.com,Female,35 Manufacturers Drive
Theodor,Gooderson,10/14/2020,tgooderson9v@liveinternet.ru,Bigender,67 Aberg Crossing
Godard,Decroix,8/19/2020,gdecroix9w@mit.edu,Genderqueer,9699 Twin Pines Street
Tina,Olivia,1/28/2021,tolivia9x@shinystat.com,Polygender,75190 Ruskin Crossing
Waly,De Paepe,8/12/2020,wdepaepe9y@github.com,Female,32 Thompson Avenue
Bendicty,Foltin,8/5/2020,bfoltin9z@yolasite.com,Non-binary,025 Summer Ridge Drive
Kesley,Hammer,1/4/2021,khammera0@example.com,Agender,9 Spohn Trail
Bernice,Heims,8/16/2020,bheimsa1@shinystat.com,Genderfluid,16522 Chive Plaza
Kirby,Prium,1/31/2020,kpriuma2@aboutads.info,Bigender,28 Springs Plaza
Noam,Pettingill,6/10/2020,npettingilla3@usda.gov,Polygender,7 Anthes Terrace
Rosamond,Dargavel,1/20/2021,rdargavela4@nasa.gov,Female,5919 Amoth Crossing
Euphemia,Maris,6/19/2020,emarisa5@alibaba.com,Bigender,37815 High Crossing Way
Iona,Ipwell,5/20/2020,iipwella6@earthlink.net,Genderqueer,0507 Anniversary Lane
Kelly,Heliot,9/19/2020,kheliota7@bloglines.com,Polygender,936 Ruskin Drive
Cassi,Orridge,3/20/2020,corridgea8@icio.us,Genderqueer,0742 Grasskamp Park
Tammie,Jemmison,3/12/2020,tjemmisona9@unc.edu,Agender,4 Rutledge Circle
Miner,Brownbridge,3/3/2020,mbrownbridgeaa@bbb.org,Bigender,094 Merchant Terrace
Hallsy,Lavin,4/18/2020,hlavinab@uiuc.edu,Genderqueer,051 Londonderry Plaza
Sheila-kathryn,Beavors,8/28/2020,sbeavorsac@wunderground.com,Polygender,0685 Melrose Point
Fifi,Varvell,12/22/2020,fvarvellad@google.com.br,Polygender,1 Ridge Oak Pass
Randie,Santos,5/4/2020,rsantosae@cyberchimps.com,Non-binary,972 Eggendart Parkway
Evanne,Janson,3/15/2020,ejansonaf@vinaora.com,Genderqueer,10560 Corry Center
Brent,Andryushchenko,1/7/2021,bandryushchenkoag@chronoengine.com,Polygender,8597 Homewood Terrace
Dara,Patillo,5/2/2020,dpatilloah@bing.com,Female,8995 Stang Lane
Witty,Cowe,2/12/2020,wcoweai@ovh.net,Female,9859 Thierer Center
Charita,Eldrid,9/26/2020,celdridaj@cbslocal.com,Genderfluid,3475 Luster Road
Cathy,Knobell,8/23/2020,cknobellak@marketwatch.com,Genderfluid,6 Vermont Park
Horace,Welham,12/7/2020,hwelhamal@g.co,Female,868 Southridge Lane
Thorndike,Rapi,4/10/2020,trapiam@tiny.cc,Polygender,358 Fieldstone Avenue
Booth,Crepel,4/9/2020,bcrepelan@mozilla.com,Male,00012 West Plaza
Amalea,Lauritsen,6/5/2020,alauritsenao@wisc.edu,Bigender,7475 Esker Pass
Waylan,Casillis,6/9/2020,wcasillisap@usatoday.com,Polygender,83089 Beilfuss Center
Guendolen,Domleo,3/7/2020,gdomleoaq@boston.com,Female,524 Heath Crossing
Lilia,Fairpool,5/12/2020,lfairpoolar@comcast.net,Polygender,5809 Bultman Street
Arlene,Minor,5/7/2020,aminoras@ted.com,Genderqueer,4 Menomonie Center
Kiri,Maty,8/23/2020,kmatyat@miitbeian.gov.cn,Female,65827 Jana Avenue
Katrine,Cholerton,2/2/2020,kcholertonau@issuu.com,Genderqueer,28 Merrick Drive
Elsie,Fogg,2/16/2020,efoggav@netlog.com,Agender,2 Utah Crossing
Luz,Wind,4/2/2020,lwindaw@businesswire.com,Female,3570 Kenwood Avenue
Hetty,Gerrie,10/27/2020,hgerrieax@printfriendly.com,Non-binary,979 Gale Junction
Francine,Dulinty,10/13/2020,fdulintyay@altervista.org,Female,44 Park Meadow Street
Shirl,Polini,7/27/2020,spoliniaz@ucsd.edu,Genderfluid,1626 Ramsey Crossing
Nickie,Peotz,5/4/2020,npeotzb0@ucoz.com,Female,2 Shoshone Drive
Ronnie,Emeney,2/12/2020,remeneyb1@illinois.edu,Female,94976 Bunker Hill Avenue
Worth,Antcliff,6/26/2020,wantcliffb2@example.com,Bigender,54172 Roth Road
Deana,Tildesley,5/23/2020,dtildesleyb3@tinyurl.com,Polygender,7704 Larry Terrace
Ceciley,Vogl,2/28/2020,cvoglb4@squidoo.com,Genderqueer,7 2nd Point
Hyacinth,Jossel,10/28/2020,hjosselb5@oracle.com,Bigender,1216 Cordelia Lane
Lyn,Wanless,4/1/2020,lwanlessb6@fc2.com,Bigender,89 Killdeer Plaza
Lauritz,Swindon,4/27/2020,lswindonb7@baidu.com,Agender,92785 Fairfield Plaza
Koralle,Roper,5/12/2020,kroperb8@webnode.com,Genderfluid,3450 Jay Trail
Alex,McGuinness,1/26/2021,amcguinnessb9@sourceforge.net,Bigender,608 Chinook Circle
Kayle,Doddemeade,8/31/2020,kdoddemeadeba@drupal.org,Genderqueer,659 Starling Circle
Cloe,Smallthwaite,4/15/2020,csmallthwaitebb@symantec.com,Polygender,4 Westport Park
D'arcy,Bache,9/20/2020,dbachebc@abc.net.au,Genderqueer,40 Warner Trail
Rogers,Murtimer,6/25/2020,rmurtimerbd@census.gov,Male,4151 Mesta Drive
Jacki,Baudichon,1/29/2020,jbaudichonbe@mtv.com,Genderfluid,10 Florence Circle
Jorge,Jardine,7/14/2020,jjardinebf@cam.ac.uk,Bigender,991 Badeau Place
Chandler,Lilleman,4/28/2020,clillemanbg@instagram.com,Female,1 Butternut Drive
Inglis,O'Dooghaine,1/13/2021,iodooghainebh@irs.gov,Non-binary,4 Dixon Street
Vikky,Martyntsev,3/18/2020,vmartyntsevbi@dmoz.org,Genderqueer,66048 Kim Road
Berenice,Managh,4/3/2020,bmanaghbj@simplemachines.org,Genderfluid,46 Anderson Center
Brandon,Alsford,1/28/2021,balsfordbk@liveinternet.ru,Genderqueer,33973 Prairieview Parkway
Hinze,Charlesworth,4/14/2020,hcharlesworthbl@dion.ne.jp,Genderqueer,960 Beilfuss Place
Christoper,Cutmare,9/3/2020,ccutmarebm@constantcontact.com,Genderfluid,3 Steensland Place
Weider,Rubenczyk,7/28/2020,wrubenczykbn@free.fr,Female,7624 Bunting Center
Tony,Ballay,5/4/2020,tballaybo@hao123.com,Genderqueer,9 Bunting Alley
Court,McBay,11/25/2020,cmcbaybp@uol.com.br,Polygender,6522 Hovde Plaza
Wash,Jacobovitz,9/16/2020,wjacobovitzbq@sphinn.com,Female,2234 Thierer Court
Revkah,Bruhnsen,8/23/2020,rbruhnsenbr@census.gov,Female,2 Golden Leaf Place
Cristiano,Ginnally,9/1/2020,cginnallybs@eepurl.com,Male,01 Harbort Place
Silvan,Minto,4/18/2020,smintobt@icio.us,Male,319 Melrose Junction
Veronica,Adcock,8/15/2020,vadcockbu@pbs.org,Male,20 Hanover Terrace
Aloysia,Rickards,9/18/2020,arickardsbv@psu.edu,Genderfluid,45855 Red Cloud Hill
Alysia,O'Gorman,1/28/2021,aogormanbw@foxnews.com,Bigender,660 Di Loreto Avenue
Zack,Tointon,4/17/2020,ztointonbx@businesswire.com,Male,828 Morningstar Plaza
Darice,Domerc,1/18/2021,ddomercby@mozilla.com,Agender,44 3rd Place
Adelind,Dell'Abbate,11/3/2020,adellabbatebz@w3.org,Bigender,437 Springview Court
Marietta,Geely,5/2/2020,mgeelyc0@sbwire.com,Non-binary,65 Hermina Parkway
Noelani,Buncom,4/28/2020,nbuncomc1@hatena.ne.jp,Female,39 Gerald Crossing
Emmy,Hearse,5/2/2020,ehearsec2@lycos.com,Female,8958 Northwestern Point
Martino,Spurdens,4/21/2020,mspurdensc3@sourceforge.net,Female,1 Schmedeman Court
Rad,Leake,9/13/2020,rleakec4@hexun.com,Non-binary,92115 Gerald Avenue
Marilin,Robrose,10/11/2020,mrobrosec5@mail.ru,Polygender,41350 Grover Pass
Dinnie,MacCartair,4/29/2020,dmaccartairc6@amazonaws.com,Non-binary,78478 Fordem Junction
Domenico,Roxburgh,12/2/2020,droxburghc7@ifeng.com,Agender,5 Merry Plaza
Myrvyn,Crenshaw,2/20/2020,mcrenshawc8@imgur.com,Male,242 Summerview Court
Tamra,Shearston,5/1/2020,tshearstonc9@e-recht24.de,Male,359 New Castle Hill
Theo,Fontes,9/25/2020,tfontesca@cpanel.net,Polygender,546 Arrowood Street
Bridgette,Biscomb,3/4/2020,bbiscombcb@usnews.com,Genderqueer,0 Macpherson Road
Jakob,De Blasi,7/6/2020,jdeblasicc@blinklist.com,Bigender,95 Arizona Trail
Davidson,Steptow,10/26/2020,dsteptowcd@4shared.com,Bigender,9 New Castle Street
Myrah,Sapsed,7/19/2020,msapsedce@hud.gov,Non-binary,0128 Darwin Place
Rosina,Meharg,2/24/2020,rmehargcf@dropbox.com,Male,30153 Clyde Gallagher Point
Berry,Hulle,5/11/2020,bhullecg@people.com.cn,Genderfluid,32316 Crest Line Place
Corilla,Morrallee,1/19/2021,cmorralleech@digg.com,Genderqueer,7 Prentice Center
Lem,McLafferty,7/15/2020,lmclaffertyci@edublogs.org,Genderqueer,21 Hoffman Avenue
Jana,Roseblade,7/26/2020,jrosebladecj@rediff.com,Male,2928 Sachtjen Park
Cordy,Maccaddie,7/14/2020,cmaccaddieck@t-online.de,Genderqueer,0 Schlimgen Terrace
Florie,Beckers,12/7/2020,fbeckerscl@360.cn,Non-binary,976 Elmside Park
Ebonee,Klulicek,3/4/2020,eklulicekcm@blinklist.com,Genderfluid,9573 Gale Junction
Jordon,Gonnely,6/9/2020,jgonnelycn@wikia.com,Genderfluid,3910 Maple Wood Avenue
Audra,Hrinchenko,6/22/2020,ahrinchenkoco@google.co.uk,Genderqueer,36305 Myrtle Court
Arvy,Towle,9/8/2020,atowlecp@amazonaws.com,Genderfluid,1482 Northfield Way
Farley,Brand-Hardy,4/1/2020,fbrandhardycq@smugmug.com,Non-binary,38 Bartelt Place
Fredelia,Walliker,5/29/2020,fwallikercr@dot.gov,Agender,357 Meadow Ridge Place
Maribeth,De Marchi,5/6/2020,mdemarchics@exblog.jp,Genderqueer,59479 Golden Leaf Place
Claretta,Pinel,7/9/2020,cpinelct@archive.org,Male,8 Dryden Circle
Thain,Offell,9/30/2020,toffellcu@jigsy.com,Agender,4 Chinook Street
Richart,Coupe,2/25/2020,rcoupecv@cyberchimps.com,Non-binary,53 East Plaza
Kristy,Sagg,3/21/2020,ksaggcw@yahoo.co.jp,Female,9471 Mifflin Plaza
Pennie,Peartree,3/8/2020,ppeartreecx@tinyurl.com,Genderfluid,500 Swallow Point
Todd,Berrisford,9/22/2020,tberrisfordcy@shutterfly.com,Genderfluid,229 Sunnyside Avenue
Nanice,Beynke,10/1/2020,nbeynkecz@china.com.cn,Genderqueer,3136 Hagan Alley
Hamid,Elloy,2/28/2020,helloyd0@sakura.ne.jp,Male,1 Rutledge Terrace
Arabel,Meineking,11/13/2020,ameinekingd1@walmart.com,Male,99935 Pond Center
Gerri,Frostdick,1/7/2021,gfrostdickd2@tmall.com,Polygender,20284 Moulton Center
Skip,Cicccitti,8/14/2020,scicccittid3@drupal.org,Female,5 Artisan Junction
Suki,Harrod,10/26/2020,sharrodd4@si.edu,Agender,276 Veith Alley
Liz,Durrant,5/2/2020,ldurrantd5@archive.org,Genderqueer,31531 Menomonie Trail
Magda,Pennoni,11/26/2020,mpennonid6@goo.ne.jp,Female,3990 Elka Point
Janaya,Autie,3/28/2020,jautied7@dion.ne.jp,Polygender,5071 Pearson Alley
Mufinella,Eplett,11/12/2020,meplettd8@feedburner.com,Bigender,76507 Dwight Pass
Ingamar,Baalham,1/11/2021,ibaalhamd9@instagram.com,Agender,7 Grim Point
Rheba,Downer,2/15/2020,rdownerda@geocities.jp,Non-binary,64544 Graedel Hill
Tabitha,Alty,12/16/2020,taltydb@forbes.com,Genderfluid,595 Crescent Oaks Court
Penn,Berge,3/16/2020,pbergedc@bbc.co.uk,Male,97 East Junction
Raffarty,Yelding,1/17/2021,ryeldingdd@zimbio.com,Female,65325 Bultman Court
Germaine,Greenhouse,5/31/2020,ggreenhousede@desdev.cn,Agender,80298 Dwight Parkway
Caz,Valencia,5/21/2020,cvalenciadf@mac.com,Male,6518 Prairie Rose Drive
Cob,Cozins,4/23/2020,ccozinsdg@simplemachines.org,Male,05 Reindahl Drive
Elfrieda,Jurkiewicz,5/21/2020,ejurkiewiczdh@tmall.com,Polygender,906 4th Road
Roderic,Shipway,5/15/2020,rshipwaydi@phpbb.com,Genderfluid,38623 Karstens Avenue
Rozina,Rogez,12/9/2020,rrogezdj@xing.com,Genderqueer,13432 Summerview Drive
Dorelle,Bottlestone,10/24/2020,dbottlestonedk@deliciousdays.com,Male,5 Hauk Point
Obadias,Ambrogini,8/26/2020,oambroginidl@cbsnews.com,Non-binary,3066 Lerdahl Lane
Heindrick,Eldershaw,1/25/2021,heldershawdm@hexun.com,Female,65183 Independence Drive
Salomon,Beasley,2/14/2020,sbeasleydn@bbc.co.uk,Genderfluid,37 Oakridge Court
Elvina,Malletratt,2/14/2020,emalletrattdo@berkeley.edu,Bigender,412 Ryan Drive
Wainwright,Weber,3/9/2020,wweberdp@mashable.com,Polygender,26309 Garrison Plaza
Engelbert,Petegrew,10/5/2020,epetegrewdq@cornell.edu,Non-binary,97736 Kensington Drive
Maryjo,Cowles,7/13/2020,mcowlesdr@jigsy.com,Bigender,800 Maple Wood Street
Pansy,Beals,6/20/2020,pbealsds@rakuten.co.jp,Female,41 Parkside Point
Blithe,Blackett,12/24/2020,bblackettdt@mozilla.com,Female,580 Heath Park
Austen,Dalby,12/6/2020,adalbydu@census.gov,Male,393 Lake View Alley
Benito,Ebbins,11/19/2020,bebbinsdv@springer.com,Agender,939 Park Meadow Junction
Calida,Watkins,10/5/2020,cwatkinsdw@dropbox.com,Bigender,0618 Clyde Gallagher Place
Jaymee,Braidwood,3/11/2020,jbraidwooddx@npr.org,Genderqueer,97 Blue Bill Park Alley
Falito,Coggeshall,2/25/2020,fcoggeshalldy@gmpg.org,Non-binary,35 Quincy Trail
Giselbert,Bettenay,11/7/2020,gbettenaydz@google.com.au,Genderqueer,248 Harper Park
Prisca,Daniele,4/29/2020,pdanielee0@microsoft.com,Genderfluid,1348 Summer Ridge Point
Peter,Waterfall,2/21/2020,pwaterfalle1@opensource.org,Polygender,336 Shopko Parkway
Karlyn,Yurchishin,1/29/2020,kyurchishine2@unblog.fr,Non-binary,8520 Green Plaza
Anett,Maddox,8/12/2020,amaddoxe3@slate.com,Bigender,9 Stang Center
Corabelle,Boothe,10/10/2020,cboothee4@discuz.net,Bigender,7 Mifflin Lane
Lorilyn,Devey,5/6/2020,ldeveye5@parallels.com,Genderqueer,337 Division Circle
Lew,Konzel,3/13/2020,lkonzele6@globo.com,Agender,079 4th Pass
Raffaello,Meakin,8/15/2020,rmeakine7@java.com,Female,8837 Dennis Trail
Jared,Borrington,2/2/2020,jborringtone8@hhs.gov,Polygender,78 Pine View Road
Suellen,Bessell,1/5/2021,sbesselle9@dailymail.co.uk,Bigender,690 Waxwing Avenue
Christabella,Gioani,5/11/2020,cgioaniea@typepad.com,Polygender,415 Hanover Road
Sigrid,Del Monte,7/18/2020,sdelmonteeb@wikimedia.org,Polygender,049 Raven Parkway
Joy,Crockford,4/10/2020,jcrockfordec@miitbeian.gov.cn,Male,38084 Bartillon Street
Benedick,Withey,11/5/2020,bwitheyed@wunderground.com,Polygender,10 Merry Junction
Neill,Rottery,9/3/2020,nrotteryee@fc2.com,Female,3 Schlimgen Terrace
Kelwin,Brydon,7/20/2020,kbrydonef@mysql.com,Polygender,53 Elka Hill
Emmaline,Dymott,12/2/2020,edymotteg@mysql.com,Polygender,5401 Fallview Terrace
Tillie,Gilbanks,10/20/2020,tgilbankseh@omniture.com,Female,6 Toban Point
Eleonora,Parrot,4/10/2020,eparrotei@ezinearticles.com,Male,37 Sullivan Plaza
Kessia,Yaldren,10/17/2020,kyaldrenej@theglobeandmail.com,Polygender,22998 Scoville Hill
Blayne,Konzelmann,7/12/2020,bkonzelmannek@friendfeed.com,Bigender,3 Sundown Junction
Geraldine,Bernardeau,7/16/2020,gbernardeauel@webs.com,Agender,51500 Derek Parkway
Erda,Fortune,12/1/2020,efortuneem@chron.com,Male,0 Brickson Park Road
Courtnay,Anderson,1/26/2021,candersonen@addthis.com,Genderfluid,72543 Oakridge Hill
Fleurette,Grotty,7/10/2020,fgrottyeo@umn.edu,Non-binary,21 Park Meadow Plaza
Glenden,Beazey,7/11/2020,gbeazeyep@privacy.gov.au,Non-binary,40 Butternut Center
Constantina,Giannazzo,10/30/2020,cgiannazzoeq@surveymonkey.com,Male,07487 Farmco Drive
Sidnee,Mc Cahey,5/2/2020,smccaheyer@cpanel.net,Non-binary,1587 Erie Lane
Deni,Bleesing,4/18/2020,dbleesinges@psu.edu,Bigender,74689 Sherman Center
Giana,Lapping,12/10/2020,glappinget@abc.net.au,Non-binary,677 Charing Cross Trail
Jesse,Ginley,12/9/2020,jginleyeu@reference.com,Genderfluid,69 Fulton Plaza
Byron,Ibbott,7/10/2020,bibbottev@loc.gov,Female,61 Old Gate Pass
Dorthea,Poolton,9/18/2020,dpooltonew@admin.ch,Polygender,8 Prairieview Park
Cammy,Maffini,8/9/2020,cmaffiniex@springer.com,Genderfluid,14 Morning Avenue
Arabel,Burdekin,2/8/2020,aburdekiney@icio.us,Polygender,016 Spaight Circle
Malanie,Scruby,4/21/2020,mscrubyez@yahoo.co.jp,Polygender,49435 Fairfield Park
Andras,Tremayne,2/10/2020,atremaynef0@baidu.com,Polygender,9822 Iowa Road
Liz,Arrandale,1/8/2021,larrandalef1@home.pl,Non-binary,32 Eastwood Place
Cleo,Pischoff,9/8/2020,cpischofff2@tinyurl.com,Agender,17 Welch Circle
Mort,Martinello,7/16/2020,mmartinellof3@people.com.cn,Polygender,968 Macpherson Point
Dawna,Langtree,2/18/2020,dlangtreef4@abc.net.au,Genderfluid,216 Kim Plaza
Yolanthe,Nail,3/18/2020,ynailf5@com.com,Bigender,3577 Westport Trail
Matthus,Swadlin,2/20/2020,mswadlinf6@macromedia.com,Genderfluid,576 Grover Drive
Corny,Outhwaite,9/4/2020,couthwaitef7@hao123.com,Genderqueer,1 Nelson Hill
Jana,Giacopini,1/29/2020,jgiacopinif8@skyrock.com,Polygender,4887 Sloan Junction
Shae,Gelderd,1/1/2021,sgelderdf9@cisco.com,Female,9870 Myrtle Junction
Ker,Stennard,3/14/2020,kstennardfa@who.int,Genderqueer,437 Longview Trail
Christiana,Bru,12/29/2020,cbrufb@msn.com,Polygender,443 Jenna Avenue
Dredi,Heinonen,11/24/2020,dheinonenfc@tinyurl.com,Bigender,961 Lyons Avenue
Ollie,Pedroli,2/14/2020,opedrolifd@cnet.com,Female,3326 Oakridge Circle
Kelly,Rugg,8/10/2020,kruggfe@sciencedirect.com,Genderqueer,5 Logan Pass
Winnie,Adshad,5/13/2020,wadshadff@sourceforge.net,Female,930 Merchant Road
Donnajean,Crate,9/14/2020,dcratefg@studiopress.com,Genderqueer,353 Meadow Ridge Parkway
Flossie,Revell,4/20/2020,frevellfh@biglobe.ne.jp,Female,2717 Continental Parkway
Peta,Yockney,6/9/2020,pyockneyfi@cafepress.com,Genderfluid,875 Chinook Terrace
Jorgan,Dougary,1/16/2021,jdougaryfj@ehow.com,Genderqueer,77713 Sunfield Place
Doyle,Klemenz,9/25/2020,dklemenzfk@businessinsider.com,Genderqueer,60 Oneill Terrace
Liana,Josipovic,7/14/2020,ljosipovicfl@freewebs.com,Male,3447 Bluestem Point
Sutherlan,Abberley,3/21/2020,sabberleyfm@zimbio.com,Agender,0134 Sheridan Street
Latrina,Danser,12/3/2020,ldanserfn@pbs.org,Genderqueer,7 Hooker Way
Hermon,Hanshawe,9/29/2020,hhanshawefo@psu.edu,Bigender,752 Delaware Street
Lydia,Sugars,2/23/2020,lsugarsfp@github.com,Bigender,346 Cody Drive
Mavis,Tire,3/3/2020,mtirefq@cbslocal.com,Polygender,620 Randy Trail
Sandro,Eberst,3/3/2020,seberstfr@hubpages.com,Genderqueer,37 Mallard Road
Kacie,Ottawell,10/29/2020,kottawellfs@joomla.org,Polygender,4 Roth Plaza
Bobbe,Schanke,11/15/2020,bschankeft@addthis.com,Genderqueer,3141 Florence Street
Bailie,Weed,5/15/2020,bweedfu@ustream.tv,Non-binary,0353 Prairieview Park
Lorinda,Cannop,12/7/2020,lcannopfv@alexa.com,Polygender,715 Nobel Lane
Shannen,Gaul,11/16/2020,sgaulfw@mozilla.com,Genderfluid,43 Cordelia Court
Alfie,Millsap,11/30/2020,amillsapfx@imageshack.us,Female,9 Knutson Hill
Brenden,Pygott,1/31/2020,bpygottfy@paypal.com,Agender,423 Loomis Plaza
Eilis,Wadwell,11/12/2020,ewadwellfz@engadget.com,Non-binary,60077 Arizona Point
Gabie,Bushnell,3/28/2020,gbushnellg0@spiegel.de,Genderqueer,1251 Carberry Road
Lennard,Blackborne,12/23/2020,lblackborneg1@histats.com,Genderfluid,8 Sheridan Junction
Reese,Thring,2/29/2020,rthringg2@live.com,Male,2 La Follette Road
Loy,Cockshut,10/23/2020,lcockshutg3@opera.com,Non-binary,846 Sycamore Place
Talyah,Lorans,8/21/2020,tloransg4@reverbnation.com,Genderfluid,084 Charing Cross Place
Eben,Benka,3/18/2020,ebenkag5@last.fm,Male,891 Mesta Trail
Jeremie,Rao,11/25/2020,jraog6@netvibes.com,Bigender,72 Melrose Court
Harp,Fleeman,8/20/2020,hfleemang7@sciencedirect.com,Male,373 Pond Park
Pearline,Sutherley,3/10/2020,psutherleyg8@mozilla.com,Genderqueer,0 Sage Trail
Cordelie,Gilchriest,4/3/2020,cgilchriestg9@wordpress.com,Genderqueer,72590 Del Sol Avenue
Nicola,Mewes,10/4/2020,nmewesga@alexa.com,Female,20 Spaight Court
Iosep,Pigden,10/30/2020,ipigdengb@51.la,Female,9260 Crescent Oaks Alley
Ronda,Ashtonhurst,5/11/2020,rashtonhurstgc@rakuten.co.jp,Non-binary,581 Kings Way
Rubin,Betteridge,9/27/2020,rbetteridgegd@stanford.edu,Genderfluid,9730 Clarendon Crossing
Agnese,Giddens,6/4/2020,agiddensge@google.de,Agender,45 Buena Vista Point
Cleavland,Paulus,9/9/2020,cpaulusgf@engadget.com,Non-binary,006 Continental Lane
Norbert,Teek,4/22/2020,nteekgg@behance.net,Bigender,5 Village Green Junction
Lind,Doles,6/11/2020,ldolesgh@deliciousdays.com,Female,2 Anzinger Street
Richard,Ciric,2/20/2020,rciricgi@smugmug.com,Genderfluid,1886 Bultman Circle
Shanta,Bellelli,11/5/2020,sbellelligj@craigslist.org,Bigender,85 Sundown Lane
Laughton,Dimnage,5/28/2020,ldimnagegk@ow.ly,Bigender,27974 La Follette Park
Morris,Duffet,10/20/2020,mduffetgl@cyberchimps.com,Polygender,7 Killdeer Parkway
Ernaline,Shale,8/3/2020,eshalegm@wikispaces.com,Genderfluid,896 Maple Wood Drive
Sandro,Spiller,2/15/2020,sspillergn@exblog.jp,Female,52 Maywood Road
Nola,Croote,12/7/2020,ncrootego@php.net,Bigender,8 Jay Street
Audra,Ellwell,6/2/2020,aellwellgp@cbsnews.com,Female,687 Mockingbird Plaza
Marijo,Cannop,5/7/2020,mcannopgq@twitter.com,Polygender,35850 Glendale Place
Adelheid,Lloyd,10/20/2020,alloydgr@wikia.com,Female,03006 Susan Circle
Gus,Fayerbrother,8/14/2020,gfayerbrothergs@paginegialle.it,Polygender,17202 Hazelcrest Hill
Mikey,Rawlinson,11/2/2020,mrawlinsongt@live.com,Polygender,2 Buell Drive
Martha,Lesaunier,3/22/2020,mlesauniergu@privacy.gov.au,Female,6134 Pine View Street
Codie,Fragino,1/25/2021,cfraginogv@biblegateway.com,Genderfluid,05 West Court
Ros,Fonzo,2/29/2020,rfonzogw@gizmodo.com,Genderfluid,38634 Gale Court
Merwyn,Imlin,4/21/2020,mimlingx@gizmodo.com,Male,7 Superior Pass
Wiley,Steventon,10/6/2020,wsteventongy@sohu.com,Polygender,58262 Farmco Road
Shelli,Harms,2/4/2020,sharmsgz@flavors.me,Agender,816 Lillian Pass
Biddie,Longhorne,5/17/2020,blonghorneh0@google.es,Bigender,2 Starling Road
Parker,Bainbrigge,6/20/2020,pbainbriggeh1@friendfeed.com,Non-binary,0 John Wall Avenue
Demetre,Drohane,2/8/2020,ddrohaneh2@usa.gov,Agender,7 Red Cloud Alley
Christan,Grimsell,7/15/2020,cgrimsellh3@51.la,Agender,86 5th Point
Finley,Binfield,5/28/2020,fbinfieldh4@myspace.com,Male,2 Maywood Place
Luciana,Wessel,5/20/2020,lwesselh5@google.com.au,Agender,097 Bunting Point
Alvis,Ipsly,12/22/2020,aipslyh6@sciencedaily.com,Agender,919 Hovde Lane
Tobit,Halshaw,12/6/2020,thalshawh7@illinois.edu,Polygender,4333 Larry Pass
Revkah,Chillingsworth,6/15/2020,rchillingsworthh8@google.nl,Bigender,951 Judy Trail
Terese,Jeaffreson,8/18/2020,tjeaffresonh9@admin.ch,Male,7 Lakewood Point
Daveen,Stuke,9/20/2020,dstukeha@infoseek.co.jp,Polygender,9185 Sheridan Hill
Adda,Brimilcome,7/27/2020,abrimilcomehb@ftc.gov,Male,7127 Sutteridge Center
Andriette,Ville,3/3/2020,avillehc@acquirethisname.com,Bigender,738 Esch Terrace
Violante,Catling,2/1/2020,vcatlinghd@google.cn,Agender,903 Crowley Parkway
Burgess,Lune,11/22/2020,blunehe@nydailynews.com,Male,784 Cascade Terrace
Ethan,Gloves,11/21/2020,egloveshf@forbes.com,Non-binary,3708 Truax Road
Upton,Iiannone,2/9/2020,uiiannonehg@nsw.gov.au,Polygender,64704 Anniversary Terrace
Marci,Bastide,12/13/2020,mbastidehh@weather.com,Non-binary,1201 Lien Alley
Thayne,Butland,10/5/2020,tbutlandhi@stumbleupon.com,Polygender,24 Mcbride Pass
Morrie,Crass,12/3/2020,mcrasshj@amazon.de,Polygender,2 Moose Street
Sherry,Clibbery,3/29/2020,sclibberyhk@ocn.ne.jp,Genderfluid,66 Hanson Pass
Muffin,Parkisson,9/28/2020,mparkissonhl@tuttocitta.it,Female,9457 Vahlen Trail
Si,Gravenall,7/2/2020,sgravenallhm@comcast.net,Bigender,20 Heath Circle
Denice,Luty,7/1/2020,dlutyhn@shutterfly.com,Polygender,50541 Victoria Parkway
Verene,Flade,9/15/2020,vfladeho@techcrunch.com,Male,394 Johnson Way
Kenneth,Ivatts,12/9/2020,kivattshp@weebly.com,Polygender,33375 Maywood Street
Flory,Gillicuddy,1/29/2020,fgillicuddyhq@w3.org,Non-binary,8 Dryden Crossing
Blanca,Matei,10/24/2020,bmateihr@pcworld.com,Polygender,04 Anthes Plaza
Eunice,Burl,11/17/2020,eburlhs@uol.com.br,Non-binary,49987 Thierer Terrace
Saundra,Plowes,10/20/2020,splowesht@cornell.edu,Genderqueer,86222 Lakeland Lane
Cecily,Crake,8/6/2020,ccrakehu@fc2.com,Female,662 Garrison Alley
Jarrad,Sigert,8/5/2020,jsigerthv@odnoklassniki.ru,Non-binary,8534 Superior Crossing
Betsy,de Guerre,11/3/2020,bdeguerrehw@chicagotribune.com,Genderfluid,64980 Union Plaza
Hurleigh,Dallimare,5/29/2020,hdallimarehx@biblegateway.com,Genderfluid,8 Westerfield Court
Melvyn,Rolfs,5/14/2020,mrolfshy@phoca.cz,Non-binary,237 Mandrake Pass
Joyce,Goggan,10/27/2020,jgogganhz@tripod.com,Genderfluid,93 Hooker Alley
Ermanno,Duligal,5/19/2020,eduligali0@lulu.com,Bigender,6274 Warbler Avenue
Sharona,Ninnoli,2/2/2020,sninnolii1@amazon.co.jp,Non-binary,47 Manitowish Point
Atalanta,De La Cote,6/18/2020,adelacotei2@accuweather.com,Genderfluid,3 Algoma Lane
Gilberte,Askwith,5/24/2020,gaskwithi3@chronoengine.com,Polygender,35077 Bonner Drive
Kali,Dickerson,11/24/2020,kdickersoni4@home.pl,Agender,25026 Gerald Junction
Constanta,Fitzjohn,12/4/2020,cfitzjohni5@skyrock.com,Bigender,2316 Sunfield Drive
Laureen,Arderne,8/6/2020,lardernei6@dot.gov,Bigender,0 Lawn Pass
Sheilakathryn,Duffer,2/17/2020,sdufferi7@cnn.com,Bigender,0 5th Center
Rochell,Sworn,10/10/2020,rsworni8@infoseek.co.jp,Bigender,7 Hansons Lane
Catarina,Secret,1/7/2021,csecreti9@bloglines.com,Male,41 Dayton Trail
Yorke,Laslett,1/19/2021,ylaslettia@tuttocitta.it,Agender,6590 Rusk Way
Doris,McGrae,11/14/2020,dmcgraeib@godaddy.com,Male,7953 Marquette Avenue
Caressa,Webburn,11/5/2020,cwebburnic@stumbleupon.com,Genderqueer,171 Mayfield Drive
Rosalie,Moralee,6/13/2020,rmoraleeid@irs.gov,Genderqueer,25773 Sommers Plaza
Lura,Conibere,2/23/2020,lconibereie@woothemes.com,Bigender,333 Warbler Court
Keelby,Wylam,6/6/2020,kwylamif@si.edu,Agender,7957 Bobwhite Terrace
Natalie,D'Cruze,10/14/2020,ndcruzeig@netvibes.com,Bigender,89788 Arizona Hill
Shelton,Cressor,3/10/2020,scressorih@nytimes.com,Male,12 Blaine Park
Joe,Szymczyk,2/23/2020,jszymczykii@intel.com,Male,7083 Huxley Street
Eve,Peyzer,9/8/2020,epeyzerij@aol.com,Genderqueer,585 Maple Avenue
Geoff,Himpson,10/30/2020,ghimpsonik@epa.gov,Genderfluid,39850 Park Meadow Plaza
Martelle,Molineaux,3/22/2020,mmolineauxil@newsvine.com,Male,5995 Moose Place
Alfreda,O'Crigane,7/1/2020,aocriganeim@dropbox.com,Non-binary,2 Ridgeway Court
Goldina,Sutheran,5/30/2020,gsutheranin@usda.gov,Non-binary,1 Manufacturers Center
Nichol,Able,3/9/2020,nableio@google.com.au,Genderfluid,5 Pennsylvania Road
Becca,Peare,7/16/2020,bpeareip@sohu.com,Polygender,62 Dryden Parkway
Ansel,Pund,9/6/2020,apundiq@google.com,Male,00060 Waubesa Alley
Aeriel,Juanes,8/19/2020,ajuanesir@gmpg.org,Agender,44268 Florence Point
Kamillah,Colby,1/26/2021,kcolbyis@soundcloud.com,Non-binary,85735 Rusk Hill
Hank,Renackowna,7/11/2020,hrenackownait@moonfruit.com,Polygender,71140 Sommers Crossing
Babbette,Gouny,8/11/2020,bgounyiu@adobe.com,Genderfluid,49 Bonner Terrace
Virgilio,Scurrer,8/30/2020,vscurreriv@apple.com,Bigender,27182 Homewood Parkway
Jolie,Harpin,9/16/2020,jharpiniw@rediff.com,Genderfluid,0005 Orin Way
Crista,Maplestone,5/3/2020,cmaplestoneix@pbs.org,Genderfluid,7 Buena Vista Road
Enrica,O'Neil,3/25/2020,eoneiliy@google.nl,Bigender,6 Sycamore Way
Marney,Gorry,12/24/2020,mgorryiz@blinklist.com,Polygender,63 Northfield Road
Gretchen,Flemmich,2/27/2020,gflemmichj0@accuweather.com,Polygender,5 Bunker Hill Center
Reamonn,Hanssmann,3/11/2020,rhanssmannj1@t.co,Genderqueer,084 Brown Parkway
Dill,Grafom,4/29/2020,dgrafomj2@wikipedia.org,Polygender,569 Cordelia Pass
Mariette,MacIntyre,8/13/2020,mmacintyrej3@4shared.com,Genderfluid,5627 Kensington Circle
Shanie,Forlonge,1/18/2021,sforlongej4@amazon.com,Agender,90387 Dottie Lane
Sosanna,Dillway,1/30/2020,sdillwayj5@domainmarket.com,Genderfluid,7 Vidon Park
Jaimie,Berr,6/2/2020,jberrj6@springer.com,Polygender,83230 Fisk Alley
Lynnelle,Mourant,12/4/2020,lmourantj7@shinystat.com,Polygender,5762 Briar Crest Circle
Roxine,Revington,9/9/2020,rrevingtonj8@oaic.gov.au,Bigender,81596 Holy Cross Pass
Adan,Halsall,6/16/2020,ahalsallj9@slate.com,Polygender,73 Moland Avenue
Herbie,Gianetti,10/15/2020,hgianettija@earthlink.net,Non-binary,91 Lighthouse Bay Road
Nikkie,Berndt,2/6/2020,nberndtjb@paypal.com,Male,215 Orin Road
Trudy,Orpwood,4/3/2020,torpwoodjc@facebook.com,Bigender,4365 Nancy Point
Gabriello,Scotson,6/22/2020,gscotsonjd@howstuffworks.com,Non-binary,485 Reinke Parkway
Junette,Kells,7/17/2020,jkellsje@utexas.edu,Bigender,0 Vermont Park
Roxane,Halegarth,3/2/2020,rhalegarthjf@telegraph.co.uk,Bigender,0 Granby Place
Evania,Chirm,9/9/2020,echirmjg@answers.com,Agender,0 Nelson Hill
Wanda,Fallawe,1/27/2021,wfallawejh@nature.com,Genderfluid,4 New Castle Crossing
Deeanne,De Bruijne,6/1/2020,ddebruijneji@mit.edu,Agender,467 Meadow Vale Junction
Riannon,Dykes,6/21/2020,rdykesjj@bbb.org,Polygender,02184 Packers Way
Katrinka,Norris,6/21/2020,knorrisjk@wikipedia.org,Bigender,379 Mccormick Alley
Karna,Noble,12/8/2020,knoblejl@paypal.com,Genderqueer,96159 Lien Center
Fairleigh,Saiens,5/31/2020,fsaiensjm@fda.gov,Genderfluid,09 South Parkway
Vanny,Klisch,6/18/2020,vklischjn@github.com,Bigender,239 Quincy Way
Silas,Dorbon,11/25/2020,sdorbonjo@nba.com,Female,49182 Hayes Trail
Donetta,Essex,8/27/2020,dessexjp@devhub.com,Agender,381 Quincy Drive
Alvera,Carlone,12/1/2020,acarlonejq@telegraph.co.uk,Male,10 Kropf Junction
Dex,Rodolphe,6/21/2020,drodolphejr@nyu.edu,Genderfluid,9806 Pankratz Parkway
Durante,Scathard,7/29/2020,dscathardjs@networkadvertising.org,Female,20836 Nancy Street
Iormina,Kagan,2/24/2020,ikaganjt@oakley.com,Genderqueer,2 Golf Hill
Emilio,Everwin,3/29/2020,eeverwinju@quantcast.com,Bigender,40515 Dapin Road
Wilt,Kilmaster,1/28/2021,wkilmasterjv@sun.com,Polygender,570 Glacier Hill Circle
Gates,Kitchinham,1/5/2021,gkitchinhamjw@cargocollective.com,Genderqueer,77 Clarendon Road
Kissiah,De Dantesie,7/21/2020,kdedantesiejx@utexas.edu,Non-binary,289 Pierstorff Hill
James,Souster,3/20/2020,jsousterjy@elpais.com,Genderfluid,639 John Wall Junction
Elie,Lindwall,4/14/2020,elindwalljz@4shared.com,Male,3356 Mcguire Point
Mab,McCalum,2/22/2020,mmccalumk0@ycombinator.com,Bigender,036 Blue Bill Park Plaza
Karin,Selwyn,6/13/2020,kselwynk1@acquirethisname.com,Bigender,17567 Charing Cross Road
Barde,Skinner,9/12/2020,bskinnerk2@un.org,Agender,185 Thierer Point
Paola,Ragbourne,12/10/2020,pragbournek3@alibaba.com,Male,3 Lien Trail
Thaxter,Trenear,10/6/2020,ttreneark4@imdb.com,Male,590 Sutteridge Park
Max,Petruska,11/10/2020,mpetruskak5@engadget.com,Non-binary,82496 Merry Junction
Minna,McCrystal,7/25/2020,mmccrystalk6@psu.edu,Genderfluid,572 Judy Drive
Nessie,Brownfield,3/29/2020,nbrownfieldk7@quantcast.com,Female,2 Schlimgen Street
Cynthia,Dennidge,4/30/2020,cdennidgek8@ibm.com,Female,35961 Continental Crossing
Iggie,Riddiough,10/29/2020,iriddioughk9@wired.com,Non-binary,80 Huxley Center
Trenton,Lorrimer,11/22/2020,tlorrimerka@edublogs.org,Genderqueer,9 Victoria Center
Cherin,Karle,10/3/2020,ckarlekb@themeforest.net,Bigender,1 Schurz Way
Fabio,Rame,6/5/2020,framekc@indiegogo.com,Genderqueer,86 Melvin Junction
Hersh,Oleszczak,12/24/2020,holeszczakkd@infoseek.co.jp,Polygender,552 Bunker Hill Terrace
Anica,Lagne,11/14/2020,alagneke@marriott.com,Bigender,3633 Southridge Terrace
Stacie,Nials,12/31/2020,snialskf@geocities.jp,Polygender,4 Mayfield Point
Abel,Grundle,11/3/2020,agrundlekg@youku.com,Genderfluid,68093 Packers Pass
Matelda,Keyse,6/22/2020,mkeysekh@pagesperso-orange.fr,Male,59672 Holmberg Crossing
Gregory,De Robertis,1/27/2021,gderobertiski@surveymonkey.com,Male,2 Bobwhite Pass
Giuditta,Lambdon,8/4/2020,glambdonkj@nba.com,Polygender,2120 Pankratz Trail
Keslie,McKirdy,5/9/2020,kmckirdykk@delicious.com,Polygender,1560 Lindbergh Place
Alfy,Wilstead,12/21/2020,awilsteadkl@about.me,Genderfluid,11 Southridge Plaza
Ingemar,Woollcott,12/31/2020,iwoollcottkm@amazon.de,Non-binary,892 David Avenue
Roxanne,Moseley,11/15/2020,rmoseleykn@prnewswire.com,Non-binary,54748 Spenser Drive
Judy,Burne,1/13/2021,jburneko@qq.com,Male,9 Tomscot Circle
Krissy,Bartelot,10/20/2020,kbartelotkp@tmall.com,Genderfluid,5232 Del Mar Plaza
Corella,Aronoff,9/26/2020,caronoffkq@plala.or.jp,Genderqueer,07 Rutledge Drive
Garrot,Arunowicz,5/7/2020,garunowiczkr@miitbeian.gov.cn,Male,5728 Schmedeman Park
Ardyth,Brolan,3/7/2020,abrolanks@elpais.com,Female,0 Lakeland Crossing
Collen,McCrillis,2/28/2020,cmccrilliskt@wired.com,Agender,75961 Mitchell Hill
Corena,Jopke,3/22/2020,cjopkeku@fda.gov,Genderfluid,055 Pepper Wood Center
Flossie,Malicki,7/16/2020,fmalickikv@google.co.jp,Male,71 Hoard Court
Karee,Orchart,4/14/2020,korchartkw@github.io,Female,387 Hauk Avenue
Kip,Shurrock,4/1/2020,kshurrockkx@zimbio.com,Polygender,6112 Grover Park
Sonja,Pescott,5/2/2020,spescottky@goodreads.com,Non-binary,72347 Warrior Point
Emelyne,Gummery,10/27/2020,egummerykz@imageshack.us,Bigender,9943 Bay Place
Wandie,Dysert,8/5/2020,wdysertl0@diigo.com,Polygender,50975 Di Loreto Junction
Jandy,Edkins,4/25/2020,jedkinsl1@slate.com,Male,7874 Carioca Avenue
Kellen,Sedgebeer,3/29/2020,ksedgebeerl2@apple.com,Female,731 Reinke Point
Duncan,Danat,3/29/2020,ddanatl3@merriam-webster.com,Polygender,0 Dovetail Avenue
Barty,Munning,11/25/2020,bmunningl4@fastcompany.com,Agender,26 Westerfield Road
Dido,Castelin,10/28/2020,dcastelinl5@ucla.edu,Bigender,72543 Corben Center
Minor,Coleman,4/29/2020,mcolemanl6@google.com.au,Genderqueer,8 Canary Hill
Blanca,Pentelo,8/2/2020,bpentelol7@utexas.edu,Polygender,74 Bluestem Park
Leese,Hardisty,6/21/2020,lhardistyl8@bigcartel.com,Bigender,9810 West Lane
Lin,Gallichan,5/21/2020,lgallichanl9@prlog.org,Male,05186 Pawling Court
Adamo,Letson,4/30/2020,aletsonla@mac.com,Polygender,77889 Montana Way
Avril,Pauluzzi,1/1/2021,apauluzzilb@woothemes.com,Polygender,8 Jay Park
Far,Cronchey,12/31/2020,fcroncheylc@engadget.com,Agender,05 Old Gate Point
Pail,Sleicht,4/6/2020,psleichtld@rakuten.co.jp,Male,9 New Castle Street
Willard,Gosselin,7/20/2020,wgosselinle@bravesites.com,Genderfluid,22 Lunder Avenue
Wally,Naisbet,3/8/2020,wnaisbetlf@xing.com,Male,59 Karstens Junction
Chelsae,Caulfield,9/1/2020,ccaulfieldlg@wix.com,Genderqueer,455 Ryan Parkway
Lorianne,Scoggan,2/22/2020,lscogganlh@cam.ac.uk,Bigender,116 Tomscot Drive
Emmanuel,Laherty,8/26/2020,elahertyli@spiegel.de,Genderqueer,5659 Helena Place
Shelton,Weller,7/30/2020,swellerlj@cnbc.com,Agender,964 Badeau Road
Andrew,Rainton,2/14/2020,araintonlk@sakura.ne.jp,Polygender,4 Cascade Hill
Teodoor,Dewick,1/25/2021,tdewickll@dailymail.co.uk,Agender,15918 Dennis Terrace
Zed,Mascall,11/7/2020,zmascalllm@i2i.jp,Genderqueer,868 Becker Way
Sissie,Sheringham,10/7/2020,ssheringhamln@phpbb.com,Bigender,7761 Mitchell Crossing
Uriel,Hemms,12/7/2020,uhemmslo@histats.com,Non-binary,9 Stephen Crossing
Charmion,New,12/18/2020,cnewlp@jigsy.com,Agender,307 Tennessee Street
Owen,Gerrill,7/28/2020,ogerrilllq@auda.org.au,Male,915 Fremont Parkway
Burl,Yeaman,9/22/2020,byeamanlr@accuweather.com,Polygender,81632 Sycamore Park
Elonore,Garley,9/24/2020,egarleyls@marriott.com,Bigender,2 Homewood Crossing
Margaret,Thick,5/25/2020,mthicklt@amazon.co.jp,Female,0513 Washington Crossing
Orren,Braven,1/13/2021,obravenlu@networkadvertising.org,Female,258 Magdeline Trail
Gilbertine,Saph,6/5/2020,gsaphlv@shutterfly.com,Bigender,83 Truax Drive
Jerrold,Titford,9/5/2020,jtitfordlw@shop-pro.jp,Genderfluid,963 Dapin Center
Sibel,Braisted,7/10/2020,sbraistedlx@seattletimes.com,Non-binary,134 Oakridge Drive
Zena,Hrinishin,3/26/2020,zhrinishinly@flavors.me,Agender,620 Di Loreto Point
Jilleen,Laugharne,7/27/2020,jlaugharnelz@gov.uk,Genderfluid,798 Anderson Crossing
Brianne,Pero,2/27/2020,bperom0@com.com,Male,6 Hayes Street
Emyle,Pryke,12/10/2020,eprykem1@boston.com,Female,89 Sutteridge Place
Eddie,Alldridge,10/12/2020,ealldridgem2@chronoengine.com,Agender,20 Banding Hill
Keenan,Garrad,4/28/2020,kgarradm3@usatoday.com,Polygender,6661 Brentwood Crossing
Damiano,Nussii,1/10/2021,dnussiim4@photobucket.com,Polygender,26876 Everett Parkway
Frazier,Pechold,4/11/2020,fpecholdm5@mediafire.com,Polygender,6218 Westridge Junction
Felita,Bille,9/1/2020,fbillem6@ihg.com,Non-binary,020 Lakewood Gardens Junction
Brenn,Gover,3/16/2020,bgoverm7@gizmodo.com,Female,84 Washington Avenue
Llywellyn,Shew,5/20/2020,lshewm8@typepad.com,Polygender,653 Londonderry Plaza
Vin,Oxnam,6/26/2020,voxnamm9@newyorker.com,Non-binary,5733 Blackbird Trail
Cash,Veck,9/17/2020,cveckma@ox.ac.uk,Non-binary,2 Cambridge Avenue
Verney,Lievesley,3/31/2020,vlievesleymb@scientificamerican.com,Male,4824 East Crossing
Amory,Dosdell,9/18/2020,adosdellmc@360.cn,Female,6 Homewood Way
Hewet,Provest,10/22/2020,hprovestmd@oakley.com,Male,72688 Cody Avenue
Leese,Donnelly,1/31/2020,ldonnellyme@exblog.jp,Female,7 Continental Pass
Sadye,Kunkler,11/19/2020,skunklermf@ibm.com,Genderfluid,7 Dayton Trail
Gage,Marryatt,9/25/2020,gmarryattmg@ustream.tv,Non-binary,55061 Menomonie Terrace
Ebenezer,Lamartine,11/25/2020,elamartinemh@vk.com,Non-binary,239 Farwell Court
Maxi,Hatzar,6/25/2020,mhatzarmi@last.fm,Male,68 Brickson Park Street
Nina,Staniland,6/12/2020,nstanilandmj@forbes.com,Agender,74495 Boyd Circle
Sophie,Arnott,8/13/2020,sarnottmk@slideshare.net,Male,07454 Sycamore Center
Gabbie,Timewell,4/21/2020,gtimewellml@joomla.org,Polygender,8 Jenifer Hill
Effie,Bathow,1/16/2021,ebathowmm@instagram.com,Agender,755 Bowman Place
Audrey,Rumbelow,5/24/2020,arumbelowmn@yelp.com,Female,8 Butterfield Trail
Land,Rossey,12/9/2020,lrosseymo@bloglovin.com,Male,4881 Hollow Ridge Point
Sharron,Del Dello,8/3/2020,sdeldellomp@dyndns.org,Polygender,6 Northland Circle
Honor,Partner,3/13/2020,hpartnermq@merriam-webster.com,Male,117 Prairie Rose Street
Hana,Armatage,6/12/2020,harmatagemr@jiathis.com,Male,7 Cambridge Circle
Aldrich,Bream,5/8/2020,abreamms@dell.com,Bigender,91810 Melby Parkway
Callean,Tiner,7/30/2020,ctinermt@cam.ac.uk,Genderqueer,37 Graceland Hill
Kathy,Claeskens,9/7/2020,kclaeskensmu@freewebs.com,Female,10816 Hintze Pass
Archambault,Dare,9/25/2020,adaremv@google.es,Male,66330 International Park
Gustave,Dimitrov,1/7/2021,gdimitrovmw@icio.us,Genderfluid,8592 Chinook Center
Kermy,Steeden,1/28/2021,ksteedenmx@exblog.jp,Polygender,92705 Dorton Trail
Zack,Hows,10/5/2020,zhowsmy@ucla.edu,Genderqueer,216 Crownhardt Plaza
Vivianna,Starten,7/5/2020,vstartenmz@wired.com,Female,0 Lunder Plaza
Lanie,Aronowicz,6/25/2020,laronowiczn0@photobucket.com,Polygender,3011 Emmet Pass
Nessy,Bonnick,10/5/2020,nbonnickn1@opensource.org,Male,9155 Forest Run Way
Clarita,Tattershall,3/16/2020,ctattershalln2@yellowpages.com,Male,94643 Sachs Trail
Annamaria,Cavet,11/4/2020,acavetn3@prlog.org,Genderfluid,214 Blackbird Park
Janice,Kelbie,10/11/2020,jkelbien4@disqus.com,Non-binary,8705 Schiller Road
Collie,Jiroudek,1/8/2021,cjiroudekn5@whitehouse.gov,Female,0447 Carberry Park
Priscella,Brazil,11/21/2020,pbraziln6@shutterfly.com,Male,7754 Parkside Pass
Latisha,Addlestone,4/2/2020,laddlestonen7@archive.org,Agender,9 Sauthoff Avenue
Ethel,Kirwan,2/11/2020,ekirwann8@telegraph.co.uk,Polygender,2258 Hoepker Way
Gerick,Sollner,1/29/2020,gsollnern9@abc.net.au,Agender,06882 Arkansas Parkway
Coraline,Revening,2/27/2020,creveningna@bizjournals.com,Genderqueer,80 Delladonna Circle
Geneva,Demogeot,12/17/2020,gdemogeotnb@blogspot.com,Polygender,126 Delaware Park
Shermie,Vial,3/3/2020,svialnc@techcrunch.com,Genderqueer,1572 Fair Oaks Pass
Alden,Olivelli,9/14/2020,aolivellind@mlb.com,Genderfluid,81 Luster Pass
Toby,Sallenger,6/22/2020,tsallengerne@admin.ch,Genderqueer,679 Longview Terrace
Marquita,Mirando,10/4/2020,mmirandonf@sogou.com,Female,2 Oxford Alley
Winn,Cockshutt,7/30/2020,wcockshuttng@paginegialle.it,Polygender,5376 Moulton Circle
Mack,Nutkins,12/25/2020,mnutkinsnh@marketwatch.com,Bigender,73128 Golf View Trail
Verene,Ruler,4/11/2020,vrulerni@163.com,Bigender,46251 Tomscot Plaza
Berny,Lesley,8/10/2020,blesleynj@amazon.co.jp,Non-binary,1 Kingsford Trail
Lennie,Hollows,7/7/2020,lhollowsnk@nhs.uk,Female,5732 Hallows Junction
Lyman,Pharaoh,4/10/2020,lpharaohnl@comcast.net,Genderqueer,81 Kinsman Road
Sancho,Colkett,8/15/2020,scolkettnm@state.gov,Genderfluid,01469 Prairie Rose Road
Thaddeus,Dudhill,12/13/2020,tdudhillnn@tumblr.com,Male,331 Huxley Pass
Trevor,Harewood,10/28/2020,tharewoodno@last.fm,Genderqueer,0304 Lindbergh Way
Dew,Grabham,4/26/2020,dgrabhamnp@artisteer.com,Non-binary,003 Spaight Court
Alidia,Steadman,9/14/2020,asteadmannq@squidoo.com,Male,22 Aberg Hill
Lewie,Buckoke,12/30/2020,lbuckokenr@about.com,Agender,03 Bartelt Court
Alyosha,Rumbellow,5/17/2020,arumbellowns@nih.gov,Male,3630 Grayhawk Drive
Dolorita,Putten,5/11/2020,dputtennt@cdc.gov,Agender,46998 Eastlawn Park
Bendix,Kleine,6/11/2020,bkleinenu@nationalgeographic.com,Female,2263 Bobwhite Plaza
Orv,Toghill,11/6/2020,otoghillnv@google.ca,Female,8177 Forster Road
Ivonne,Allnatt,7/4/2020,iallnattnw@wsj.com,Non-binary,98 Melby Point
Alison,Dolle,6/1/2020,adollenx@upenn.edu,Genderfluid,7 Fulton Parkway
Skell,McAuley,9/16/2020,smcauleyny@prlog.org,Agender,43 Delladonna Trail
Ange,Feldbaum,4/21/2020,afeldbaumnz@sciencedirect.com,Non-binary,93 Talmadge Drive
Kriste,Sonschein,2/19/2020,ksonscheino0@zdnet.com,Bigender,4756 Dayton Crossing
Hannah,Kleanthous,7/18/2020,hkleanthouso1@goo.ne.jp,Genderfluid,3 Mayer Street
Kristan,Berthelet,8/31/2020,kbertheleto2@dailymail.co.uk,Agender,12 Holy Cross Alley
Doris,Blackford,4/22/2020,dblackfordo3@bizjournals.com,Agender,385 Garrison Crossing
Malchy,Ulrik,10/23/2020,mulriko4@yale.edu,Bigender,69608 Burning Wood Drive
Carce,Rounsefell,8/8/2020,crounsefello5@dot.gov,Polygender,8 Riverside Terrace
Teddy,Whopples,6/6/2020,twhoppleso6@mail.ru,Bigender,60 Mallard Junction
Roxanna,O' Liddy,9/5/2020,roliddyo7@tamu.edu,Agender,171 Burrows Drive
Mada,Swedeland,3/14/2020,mswedelando8@google.de,Bigender,1440 Rusk Road
Sena,Kemmons,6/28/2020,skemmonso9@domainmarket.com,Non-binary,40 Ronald Regan Court
Orson,Colombier,5/31/2020,ocolombieroa@360.cn,Polygender,054 Reinke Hill
Culver,Gleeson,5/22/2020,cgleesonob@typepad.com,Genderfluid,51825 Nova Hill
Penn,Moyse,11/2/2020,pmoyseoc@nydailynews.com,Female,21 Mcguire Hill
Mareah,Dwerryhouse,10/22/2020,mdwerryhouseod@webs.com,Female,83883 Arapahoe Hill
Catha,Hugonin,7/2/2020,chugoninoe@discuz.net,Non-binary,295 Waxwing Drive
Rea,MacCahey,7/7/2020,rmaccaheyof@addthis.com,Female,9619 Dawn Court
Moyna,Menichillo,6/11/2020,mmenichilloog@shareasale.com,Agender,66223 Farmco Crossing
Rand,Radeliffe,5/6/2020,rradeliffeoh@blogs.com,Bigender,95 Eggendart Way
Leoline,McGonigal,8/2/2020,lmcgonigaloi@privacy.gov.au,Non-binary,54361 Sunnyside Court
Carleen,Robbins,10/31/2020,crobbinsoj@foxnews.com,Genderfluid,290 Forest Dale Junction
Maggi,Jeffray,1/4/2021,mjeffrayok@squarespace.com,Genderqueer,563 Summerview Parkway
Barney,Michel,1/13/2021,bmichelol@yahoo.com,Female,07 Daystar Trail
Chiquia,Rosenstiel,8/1/2020,crosenstielom@princeton.edu,Genderqueer,6 Monterey Point
Cordula,Kehri,2/9/2020,ckehrion@friendfeed.com,Female,668 Ronald Regan Drive
Leonid,Rubury,8/8/2020,lruburyoo@networksolutions.com,Polygender,4405 Bluestem Lane
Owen,Prangley,7/6/2020,oprangleyop@so-net.ne.jp,Polygender,6 Northport Avenue
Merrill,Howship,11/1/2020,mhowshipoq@abc.net.au,Non-binary,3446 Dexter Parkway
Oberon,Carsey,7/15/2020,ocarseyor@wufoo.com,Polygender,214 Birchwood Way
Isaac,Berrick,5/14/2020,iberrickos@mail.ru,Polygender,6657 Beilfuss Junction
Rowe,Keely,6/5/2020,rkeelyot@youku.com,Agender,20997 Meadow Ridge Park
Yurik,Crawshaw,4/29/2020,ycrawshawou@timesonline.co.uk,Non-binary,37392 Sycamore Terrace
Kiele,Wellings,8/5/2020,kwellingsov@drupal.org,Agender,994 Arapahoe Place
Shay,Mingaye,2/7/2020,smingayeow@weebly.com,Non-binary,3892 Tomscot Court
Markos,Rougier,8/28/2020,mrougierox@typepad.com,Polygender,514 Rigney Drive
Orville,Windmill,5/26/2020,owindmilloy@washington.edu,Genderfluid,1 Hoard Point
Ellissa,Brugger,1/8/2021,ebruggeroz@slashdot.org,Genderfluid,0 Monterey Avenue
Hughie,Leask,1/5/2021,hleaskp0@wp.com,Genderqueer,882 Bowman Place
Jaime,Duckit,1/24/2021,jduckitp1@upenn.edu,Male,74 Vidon Point
Zahara,Dawidsohn,11/14/2020,zdawidsohnp2@exblog.jp,Genderfluid,212 Havey Alley
Jonathan,Glennon,7/28/2020,jglennonp3@cornell.edu,Genderqueer,352 Corscot Hill
Frank,Gritten,8/18/2020,fgrittenp4@istockphoto.com,Bigender,812 Delaware Trail
Isa,Lonnon,2/13/2020,ilonnonp5@timesonline.co.uk,Polygender,623 Sachs Pass
Tyrus,Nuzzti,12/1/2020,tnuzztip6@dailymail.co.uk,Bigender,226 Waywood Street
Daveta,Pattemore,1/5/2021,dpattemorep7@multiply.com,Genderfluid,2 Hauk Park
Doria,Sex,2/6/2020,dsexp8@state.gov,Bigender,65242 Eliot Avenue
Mala,MacKaig,10/29/2020,mmackaigp9@epa.gov,Genderqueer,89 Gateway Terrace
Zollie,Sabbin,7/24/2020,zsabbinpa@topsy.com,Bigender,1177 Florence Crossing
Danya,Bauser,9/3/2020,dbauserpb@webmd.com,Non-binary,8 Pond Trail
Ula,Brinson,1/6/2021,ubrinsonpc@paypal.com,Non-binary,49560 Superior Court
Clemens,Cocks,12/17/2020,ccockspd@webeden.co.uk,Bigender,023 Tennessee Drive
Ephrem,Killock,2/8/2020,ekillockpe@sohu.com,Genderqueer,8 Bowman Crossing
Suellen,Pierri,10/15/2020,spierripf@oakley.com,Bigender,4 Maple Drive
Rosalia,Halt,6/15/2020,rhaltpg@hibu.com,Polygender,053 Kim Way
Trumann,Schaumann,2/25/2020,tschaumannph@bigcartel.com,Male,11251 Almo Plaza
Starlene,Landeaux,9/13/2020,slandeauxpi@pen.io,Bigender,5 Corscot Court
Veriee,Gammill,1/3/2021,vgammillpj@abc.net.au,Female,4411 Hallows Place
Callida,Riach,4/1/2020,criachpk@dropbox.com,Polygender,9303 Schmedeman Terrace
Herbert,Lozano,2/13/2020,hlozanopl@elpais.com,Non-binary,29 Northview Crossing
Nelly,Tonna,7/16/2020,ntonnapm@oakley.com,Genderfluid,20 Atwood Crossing
Monro,Manlow,10/7/2020,mmanlowpn@home.pl,Agender,769 Cordelia Alley
Whitby,Pomfret,3/5/2020,wpomfretpo@macromedia.com,Female,9 Karstens Junction
Poul,Hadaway,4/30/2020,phadawaypp@skyrock.com,Genderqueer,63 Del Mar Street
Leigh,Blue,9/11/2020,lbluepq@biglobe.ne.jp,Non-binary,321 Columbus Court
Rochell,Crisford,9/5/2020,rcrisfordpr@mit.edu,Bigender,6 Parkside Drive
Sonny,Girardey,10/10/2020,sgirardeyps@ted.com,Genderfluid,1516 Stoughton Parkway
Caye,Caldecott,5/17/2020,ccaldecottpt@nih.gov,Bigender,5 Northland Park
Clotilda,Petruszka,6/30/2020,cpetruszkapu@globo.com,Agender,20 Heffernan Junction
Gerianna,Garvagh,10/24/2020,ggarvaghpv@biglobe.ne.jp,Female,3709 Bowman Circle
Shanon,Loadsman,10/16/2020,sloadsmanpw@ning.com,Non-binary,95 Bartillon Junction
Josee,Noe,1/3/2021,jnoepx@w3.org,Genderqueer,8 Lindbergh Center
Merilyn,Grishinov,9/26/2020,mgrishinovpy@gravatar.com,Female,6 Messerschmidt Place
Roobbie,Wilse,10/30/2020,rwilsepz@163.com,Genderqueer,5816 Forest Way
Allistir,Flageul,12/3/2020,aflageulq0@delicious.com,Non-binary,69683 Dapin Hill
Starr,Speer,12/6/2020,sspeerq1@eepurl.com,Genderqueer,067 Hallows Avenue
Carlynne,Witterick,7/3/2020,cwitterickq2@reuters.com,Agender,4269 North Terrace
Cornie,Wyness,7/14/2020,cwynessq3@howstuffworks.com,Female,65520 Loftsgordon Pass
Sadie,Titchard,2/13/2020,stitchardq4@squarespace.com,Female,4 Prairie Rose Point
Otho,Limrick,7/25/2020,olimrickq5@constantcontact.com,Bigender,16130 Merchant Junction
Stephani,Critoph,5/1/2020,scritophq6@odnoklassniki.ru,Polygender,89852 Marcy Plaza
Vidovic,Drissell,12/28/2020,vdrissellq7@google.es,Genderfluid,75 Cherokee Point
Harbert,Del Castello,2/9/2020,hdelcastelloq8@google.ru,Male,06760 Little Fleur Road
Barbette,Budgey,6/18/2020,bbudgeyq9@purevolume.com,Female,07269 Russell Way
Tailor,Feely,11/15/2020,tfeelyqa@usa.gov,Female,55887 Independence Alley
Tarah,Bernhart,2/27/2020,tbernhartqb@mashable.com,Male,7 Ridgeway Point
Vanna,Rushby,10/7/2020,vrushbyqc@ted.com,Bigender,46150 Farragut Junction
Yetty,Pearn,3/6/2020,ypearnqd@free.fr,Genderqueer,9 La Follette Drive
Pierce,Vynarde,9/20/2020,pvynardeqe@tuttocitta.it,Agender,7 Ryan Circle
Laurice,Jewell,6/2/2020,ljewellqf@boston.com,Female,1 International Court
Irving,Leynham,1/21/2021,ileynhamqg@simplemachines.org,Genderqueer,73723 Di Loreto Street
Molli,Rivett,4/23/2020,mrivettqh@vkontakte.ru,Genderqueer,2283 Saint Paul Lane
Remy,Lynas,4/23/2020,rlynasqi@narod.ru,Female,17 Merry Street
Chrystel,Lincey,4/29/2020,clinceyqj@google.com,Non-binary,95827 Eliot Place
Zara,Loxly,2/21/2020,zloxlyqk@ucla.edu,Male,65995 Lakeland Point
Jard,Danilewicz,1/24/2021,jdanilewiczql@narod.ru,Male,5523 Butternut Plaza
Stephie,Putman,2/15/2020,sputmanqm@wp.com,Female,9672 Sullivan Hill
Jobi,Barrat,7/25/2020,jbarratqn@wiley.com,Non-binary,6918 Truax Parkway
Ruperto,Bowgen,6/28/2020,rbowgenqo@howstuffworks.com,Non-binary,191 Grover Alley
Nita,Wadsworth,9/18/2020,nwadsworthqp@tinyurl.com,Genderfluid,5 Lunder Hill
Daron,Brauninger,11/21/2020,dbrauningerqq@ezinearticles.com,Male,35717 7th Place
Angeli,Darth,4/17/2020,adarthqr@soundcloud.com,Genderqueer,380 Chive Hill
Bree,Orbell,8/1/2020,borbellqs@lulu.com,Genderfluid,8734 Bluejay Alley
Amabelle,Fellgate,12/29/2020,afellgateqt@trellian.com,Agender,14 Norway Maple Circle
Davita,Reeve,9/9/2020,dreevequ@nps.gov,Genderqueer,2683 Golf Road
Deedee,Peirazzi,8/31/2020,dpeirazziqv@networkadvertising.org,Genderfluid,0 Messerschmidt Street
Carena,Goford,10/12/2020,cgofordqw@wikipedia.org,Agender,73 Dahle Terrace
Gerhardt,Le Marquand,8/17/2020,glemarquandqx@trellian.com,Non-binary,0 Northridge Plaza
Denni,Desport,3/31/2020,ddesportqy@google.pl,Male,2442 Glendale Plaza
Jobey,Payton,1/10/2021,jpaytonqz@usatoday.com,Non-binary,7154 Barby Trail
Granny,Jardein,5/22/2020,gjardeinr0@yahoo.com,Agender,64 Lake View Court
Abigale,Ormrod,1/19/2021,aormrodr1@globo.com,Male,1431 Veith Center
Emmi,Yakutin,5/12/2020,eyakutinr2@cdbaby.com,Polygender,628 Merrick Road
Esther,Carville,5/5/2020,ecarviller3@cam.ac.uk,Agender,4 Lakewood Gardens Terrace
Karin,Bryceson,11/2/2020,kbrycesonr4@theatlantic.com,Polygender,11549 Haas Lane
Jephthah,Assel,12/20/2020,jasselr5@com.com,Male,34 Spenser Alley
Juline,Skydall,12/30/2020,jskydallr6@google.ru,Polygender,74 Veith Terrace
Van,Reese,3/13/2020,vreeser7@cdc.gov,Agender,09112 Red Cloud Point
Taddeusz,Del Checolo,2/11/2020,tdelchecolor8@wikipedia.org,Polygender,5741 Harbort Road
Vasilis,Cragoe,10/17/2020,vcragoer9@walmart.com,Genderfluid,1017 Old Gate Terrace
Garrek,Barmadier,5/1/2020,gbarmadierra@google.fr,Bigender,02973 Rigney Trail
Karola,Downton,9/27/2020,kdowntonrb@rambler.ru,Polygender,4 Steensland Court
Wallache,Gomersal,2/15/2020,wgomersalrc@gmpg.org,Non-binary,80006 Brown Park
El,Greenrde,11/15/2020,egreenrderd@arstechnica.com,Polygender,17548 Miller Crossing
Earle,Maudlen,6/7/2020,emaudlenre@oracle.com,Genderfluid,710 Lyons Parkway
Margie,Stockoe,4/18/2020,mstockoerf@bloglines.com,Female,809 Becker Crossing
Cthrine,Fudger,4/26/2020,cfudgerrg@ask.com,Non-binary,02331 Ronald Regan Park
Iosep,Coulling,7/13/2020,icoullingrh@nymag.com,Female,2953 Golf Road
Karleen,Zettler,7/17/2020,kzettlerri@usa.gov,Non-binary,1 Atwood Alley
Dawn,Hyams,8/12/2020,dhyamsrj@ocn.ne.jp,Female,881 Kenwood Way
Angelo,Nares,11/26/2020,anaresrk@discuz.net,Non-binary,55629 Stang Court
Ariadne,Tooze,11/9/2020,atoozerl@europa.eu,Female,823 Pierstorff Center
Augusto,Makepeace,11/9/2020,amakepeacerm@sciencedaily.com,Bigender,9 Fuller Point
Clare,Fattore,5/25/2020,cfattorern@answers.com,Bigender,17313 Ruskin Plaza
Timmy,Basillon,12/21/2020,tbasillonro@bravesites.com,Genderqueer,68 Aberg Plaza
Dode,Webb-Bowen,2/29/2020,dwebbbowenrp@ihg.com,Polygender,721 Starling Center
Stanford,Chrishop,3/18/2020,schrishoprq@salon.com,Male,91 Beilfuss Trail
Corny,Tichner,3/1/2020,ctichnerrr@arstechnica.com,Non-binary,14 Iowa Point
